Model,Repeat,Horizon,Horizon_days,Bin,N,Mean_predicted_survival,Observed_KM_survival,Calibration_error,Absolute_calibration_error
Clinical,1,1yr,365.0,0,106,0.49600654388449117,0.47692889103538366,0.019077652849107507,0.019077652849107507
Clinical,1,1yr,365.0,1,106,0.8474449059672873,0.8563976659469019,-0.008952759979614644,0.008952759979614644
Clinical,1,1yr,365.0,2,106,0.9326710281496903,0.9400140070302733,-0.007342978880582995,0.007342978880582995
Clinical,1,1yr,365.0,3,106,0.96238254141319,0.979254914738786,-0.01687237332559599,0.01687237332559599
Clinical,1,1yr,365.0,4,105,0.9724365089928564,0.9690282529397102,0.003408256053146208,0.003408256053146208
Clinical,2,1yr,365.0,0,107,0.49714745880052047,0.48611565441383864,0.011031804386681832,0.011031804386681832
Clinical,2,1yr,365.0,1,105,0.848357173955406,0.8740113193956099,-0.025654145440203946,0.025654145440203946
Clinical,2,1yr,365.0,2,105,0.9326006780865702,0.9286103760591012,0.003990302027468973,0.003990302027468973
Clinical,2,1yr,365.0,3,106,0.9628091261659507,0.9692377686784962,-0.0064286425125454905,0.0064286425125454905
Clinical,2,1yr,365.0,4,106,0.9732363493149775,0.9688324896562883,0.004403859658689169,0.004403859658689169
Clinical,3,1yr,365.0,0,106,0.4910239920327813,0.48090826690325444,0.010115725129526854,0.010115725129526854
Clinical,3,1yr,365.0,1,106,0.8514407858581519,0.868173821258218,-0.0167330354000661,0.0167330354000661
Clinical,3,1yr,365.0,2,105,0.9336225799986955,0.9269171835808081,0.006705396417887366,0.006705396417887366
Clinical,3,1yr,365.0,3,107,0.9612878522974754,0.969543693499784,-0.0082558412023086,0.0082558412023086
Clinical,3,1yr,365.0,4,105,0.9736757060237944,0.979162096951086,-0.00548639092729164,0.00548639092729164
Clinical,4,1yr,365.0,0,106,0.4959108036576733,0.48090826690325444,0.015002536754418871,0.015002536754418871
Clinical,4,1yr,365.0,1,106,0.8484803597186881,0.8542356196201906,-0.005755259901502496,0.005755259901502496
Clinical,4,1yr,365.0,2,105,0.9317125256443533,0.938409881847475,-0.006697356203121729,0.006697356203121729
Clinical,4,1yr,365.0,3,106,0.9617296424388426,0.9794527839880762,-0.0177231415492336,0.0177231415492336
Clinical,4,1yr,365.0,4,106,0.9728949674630628,0.9692408057479881,0.0036541617150747108,0.0036541617150747108
Clinical,5,1yr,365.0,0,106,0.49560663910124386,0.48090826690325444,0.014698372197989418,0.014698372197989418
Clinical,5,1yr,365.0,1,106,0.8479524409302726,0.8553909401768225,-0.0074384992465499344,0.0074384992465499344
Clinical,5,1yr,365.0,2,105,0.9314767033177561,0.9299832358778118,0.0014934674399442738,0.0014934674399442738
Clinical,5,1yr,365.0,3,106,0.961631326796278,0.9784895955108728,-0.016858268714594726,0.016858268714594726
Clinical,5,1yr,365.0,4,106,0.973138412622596,0.9795789473684205,-0.006440534745824511,0.006440534745824511
Clinical,6,1yr,365.0,0,106,0.49498458036131565,0.48090826690325444,0.014076313458061207,0.014076313458061207
Clinical,6,1yr,365.0,1,106,0.8522977477375429,0.875220005523098,-0.022922257785555122,0.022922257785555122
Clinical,6,1yr,365.0,2,106,0.9323550100614547,0.9196174806872591,0.012737529374195589,0.012737529374195589
Clinical,6,1yr,365.0,3,105,0.9617868671905851,0.968287037037037,-0.006500169846451853,0.006500169846451853
Clinical,6,1yr,365.0,4,106,0.9731478243067805,0.9797729618163061,-0.006625137509525647,0.006625137509525647
Clinical,7,1yr,365.0,0,106,0.4892646074971625,0.48090826690325444,0.008356340593908052,0.008356340593908052
Clinical,7,1yr,365.0,1,106,0.8498742612472368,0.845806788030623,0.004067473216613715,0.004067473216613715
Clinical,7,1yr,365.0,2,106,0.9331028155275399,0.9385293398608526,-0.005426524333312699,0.005426524333312699
Clinical,7,1yr,365.0,3,105,0.9630416964142853,0.98936170212766,-0.026320005713374672,0.026320005713374672
Clinical,7,1yr,365.0,4,106,0.9737644013343274,0.9696802118450296,0.004084189489297785,0.004084189489297785
Clinical,8,1yr,365.0,0,106,0.4901706885793566,0.4793302250102166,0.01084046356913998,0.01084046356913998
Clinical,8,1yr,365.0,1,107,0.8476357842809704,0.857428559049103,-0.009792774768132562,0.009792774768132562
Clinical,8,1yr,365.0,2,104,0.9357151215269082,0.9489670973719162,-0.013251975845008035,0.013251975845008035
Clinical,8,1yr,365.0,3,106,0.9635807586820664,0.9689361702127657,-0.005355411530699294,0.005355411530699294
Clinical,8,1yr,365.0,4,106,0.9740954784793023,0.9691532258064509,0.0049422526728514216,0.0049422526728514216
Clinical,9,1yr,365.0,0,106,0.4940593480831982,0.47856501073018776,0.015494337353010423,0.015494337353010423
Clinical,9,1yr,365.0,1,106,0.849769454548703,0.844174783794481,0.005594670754222042,0.005594670754222042
Clinical,9,1yr,365.0,2,105,0.9298324648722615,0.9383487153277745,-0.008516250455513075,0.008516250455513075
Clinical,9,1yr,365.0,3,106,0.9623601637296696,0.9900990099009903,-0.02773884617132072,0.02773884617132072
Clinical,9,1yr,365.0,4,106,0.9725346865763818,0.9693622287760697,0.0031724578003120563,0.0031724578003120563
Clinical,10,1yr,365.0,0,106,0.48924102381980017,0.4755277407819044,0.013713283037895763,0.013713283037895763
Clinical,10,1yr,365.0,1,106,0.8487265830380365,0.8571684436934871,-0.008441860655450606,0.008441860655450606
Clinical,10,1yr,365.0,2,105,0.9326095593635955,0.918191246194762,0.014418313168833463,0.014418313168833463
Clinical,10,1yr,365.0,3,107,0.9618940243326954,1.0,-0.03810597566730456,0.03810597566730456
Clinical,10,1yr,365.0,4,105,0.9732963000119738,0.9684020739076677,0.00489422610430601,0.00489422610430601
Clinical,1,3yr,1095.0,0,106,0.2603856743136405,0.2614528500055728,-0.001067175691932265,0.001067175691932265
Clinical,1,3yr,1095.0,1,106,0.7065979743197186,0.7429367729189919,-0.03633879859927325,0.03633879859927325
Clinical,1,3yr,1095.0,2,106,0.8634672649038149,0.8291433986082161,0.034323866295598804,0.034323866295598804
Clinical,1,3yr,1095.0,3,106,0.9211221423956104,0.9286525346794969,-0.007530392283886522,0.007530392283886522
Clinical,1,3yr,1095.0,4,105,0.9430325387456809,0.9380820697383536,0.004950469007327318,0.004950469007327318
Clinical,2,3yr,1095.0,0,106,0.2570558181742345,0.27785810976632486,-0.02080229159209035,0.02080229159209035
Clinical,2,3yr,1095.0,1,106,0.707620299291288,0.7732248848031051,-0.06560458551181714,0.06560458551181714
Clinical,2,3yr,1095.0,2,105,0.8628689157289966,0.7981931926938428,0.06467572303515379,0.06467572303515379
Clinical,2,3yr,1095.0,3,106,0.9227248328905646,0.9312160761145725,-0.00849124322400785,0.00849124322400785
Clinical,2,3yr,1095.0,4,106,0.9438298499299856,0.9234066606350758,0.020423189294909827,0.020423189294909827
Clinical,3,3yr,1095.0,0,106,0.25314229460793275,0.2671712593906969,-0.014028964782764164,0.014028964782764164
Clinical,3,3yr,1095.0,1,106,0.7127120209141388,0.7418113423455612,-0.029099321431422465,0.029099321431422465
Clinical,3,3yr,1095.0,2,105,0.8649857544588896,0.8282844953034315,0.03670125915545808,0.03670125915545808
Clinical,3,3yr,1095.0,3,106,0.919918158801447,0.9437848438439812,-0.023866685042534197,0.023866685042534197
Clinical,3,3yr,1095.0,4,106,0.9446918011456621,0.9218101537856002,0.02288164736006193,0.02288164736006193
Clinical,4,3yr,1095.0,0,106,0.2602603641141354,0.2671712593906969,-0.006910895276561524,0.006910895276561524
Clinical,4,3yr,1095.0,1,106,0.7074439079682305,0.7257511824263734,-0.01830727445814284,0.01830727445814284
Clinical,4,3yr,1095.0,2,105,0.8613112066942773,0.8538627112861564,0.00744849540812087,0.00744849540812087
Clinical,4,3yr,1095.0,3,106,0.9200200340050328,0.9386601570730082,-0.018640123067975356,0.018640123067975356
Clinical,4,3yr,1095.0,4,106,0.9441221991728623,0.9113305123070217,0.032791686865840664,0.032791686865840664
Clinical,5,3yr,1095.0,0,106,0.2571473225635808,0.2634164200695304,-0.006269097505949617,0.006269097505949617
Clinical,5,3yr,1095.0,1,107,0.7062956147578122,0.7323417311772952,-0.026046116419482956,0.026046116419482956
Clinical,5,3yr,1095.0,2,104,0.8617310624322825,0.8435012842005478,0.01822977823173466,0.01822977823173466
Clinical,5,3yr,1095.0,3,108,0.919487406545212,0.9631555356342449,-0.04366812908903295,0.04366812908903295
Clinical,5,3yr,1095.0,4,104,0.9450173762108072,0.8986781115434417,0.04633926466736549,0.04633926466736549
Clinical,6,3yr,1095.0,0,106,0.25700486323412663,0.2634164200695304,-0.006411556835403787,0.006411556835403787
Clinical,6,3yr,1095.0,1,106,0.7130761856905012,0.7619949262504047,-0.04891874055990342,0.04891874055990342
Clinical,6,3yr,1095.0,2,105,0.8634354855181758,0.8317519895893012,0.03168349592887465,0.03168349592887465
Clinical,6,3yr,1095.0,3,106,0.920030525903466,0.9022188968327942,0.017811629070671797,0.017811629070671797
Clinical,6,3yr,1095.0,4,106,0.9438429747226111,0.9414240801805955,0.002418894542015604,0.002418894542015604
Clinical,7,3yr,1095.0,0,106,0.25944192473056066,0.26730286059773195,-0.007860935867171293,0.007860935867171293
Clinical,7,3yr,1095.0,1,106,0.7109299366539421,0.7029913670076022,0.007938569646339877,0.007938569646339877
Clinical,7,3yr,1095.0,2,105,0.8604227447499859,0.8390387536664748,0.021383991083511078,0.021383991083511078
Clinical,7,3yr,1095.0,3,107,0.9223031878844932,0.9607273451359472,-0.03842415725145398,0.03842415725145398
Clinical,7,3yr,1095.0,4,105,0.9452909212519801,0.9278409580098337,0.017449963242146427,0.017449963242146427
Clinical,8,3yr,1095.0,0,106,0.25278332069948506,0.26851914324896664,-0.015735822549481582,0.015735822549481582
Clinical,8,3yr,1095.0,1,106,0.7054135943364497,0.7436195559459066,-0.038205961609456884,0.038205961609456884
Clinical,8,3yr,1095.0,2,105,0.8649682309534316,0.8437504610187878,0.02121776993464375,0.02121776993464375
Clinical,8,3yr,1095.0,3,106,0.9242274453811787,0.8829777170016191,0.04124972837955965,0.04124972837955965
Clinical,8,3yr,1095.0,4,106,0.9466709264586398,0.953400239493642,-0.006729313035002238,0.006729313035002238
Clinical,9,3yr,1095.0,0,107,0.2610313086304601,0.27476102205999575,-0.013729713429535662,0.013729713429535662
Clinical,9,3yr,1095.0,1,105,0.7097197440960871,0.7218376973360543,-0.012117953239967227,0.012117953239967227
Clinical,9,3yr,1095.0,2,105,0.8593507244439972,0.8758587317910815,-0.016508007347084352,0.016508007347084352
Clinical,9,3yr,1095.0,3,106,0.920203888820665,0.9280973774460924,-0.007893488625427492,0.007893488625427492
Clinical,9,3yr,1095.0,4,106,0.944163940571845,0.9013395984700658,0.04282434210177921,0.04282434210177921
Clinical,10,3yr,1095.0,0,106,0.257300467825746,0.25435204739497214,0.002948420430773868,0.002948420430773868
Clinical,10,3yr,1095.0,1,106,0.7057738115500645,0.7448589251017879,-0.039085113551723394,0.039085113551723394
Clinical,10,3yr,1095.0,2,105,0.8625761757515245,0.8444065242476541,0.0181696515038704,0.0181696515038704
Clinical,10,3yr,1095.0,3,107,0.9206723391787331,0.9247381173980015,-0.004065778219268346,0.004065778219268346
Clinical,10,3yr,1095.0,4,105,0.9445982433126181,0.9245064257692405,0.020091817543377632,0.020091817543377632
Clinical,1,5yr,1825.0,0,106,0.15180711609720587,0.1430702094037182,0.008736906693487673,0.008736906693487673
Clinical,1,5yr,1825.0,1,106,0.5912314068315166,0.6392514094116206,-0.04802000258010397,0.04802000258010397
Clinical,1,5yr,1825.0,2,105,0.7990833229144575,0.7767415265765003,0.022341796337957187,0.022341796337957187
Clinical,1,5yr,1825.0,3,106,0.8823477765721051,0.8518553432933078,0.03049243327879725,0.03049243327879725
Clinical,1,5yr,1825.0,4,106,0.9148509034301645,0.8972735898350636,0.017577313595100952,0.017577313595100952
Clinical,2,5yr,1825.0,0,106,0.14845160868737156,0.14232375613726408,0.0061278525501074765,0.0061278525501074765
Clinical,2,5yr,1825.0,1,106,0.5924231782539582,0.645688534609641,-0.05326535635568286,0.05326535635568286
Clinical,2,5yr,1825.0,2,105,0.7992705596419484,0.76938080888012,0.029889750761828426,0.029889750761828426
Clinical,2,5yr,1825.0,3,107,0.8854622822023274,0.8949495521907972,-0.009487269988469826,0.009487269988469826
Clinical,2,5yr,1825.0,4,105,0.9156368184964694,0.8600491679013127,0.05558765059515669,0.05558765059515669
Clinical,3,5yr,1825.0,0,106,0.1452993591084823,0.13499179421845736,0.010307564890024934,0.010307564890024934
Clinical,3,5yr,1825.0,1,107,0.6019021962385712,0.6408910737854874,-0.038988877546916156,0.038988877546916156
Clinical,3,5yr,1825.0,2,104,0.8025075615486829,0.765306690297436,0.037200871251246825,0.037200871251246825
Clinical,3,5yr,1825.0,3,109,0.8817041898364424,0.8960153730713452,-0.014311183234902769,0.014311183234902769
Clinical,3,5yr,1825.0,4,103,0.9177192437627141,0.885192897007501,0.03252634675521304,0.03252634675521304
Clinical,4,5yr,1825.0,0,106,0.15181218856471837,0.12789755425606553,0.023914634308652843,0.023914634308652843
Clinical,4,5yr,1825.0,1,106,0.5904216382750639,0.6067991849254865,-0.01637754665042257,0.01637754665042257
Clinical,4,5yr,1825.0,2,105,0.7989023448466743,0.8153773485638204,-0.016475003717146053,0.016475003717146053
Clinical,4,5yr,1825.0,3,107,0.8809292419535077,0.8732862303852618,0.007643011568245983,0.007643011568245983
Clinical,4,5yr,1825.0,4,105,0.9161731275521005,0.8843914018755771,0.031781725676523376,0.031781725676523376
Clinical,5,5yr,1825.0,0,106,0.1475099036962496,0.13943245092402212,0.00807745277222749,0.00807745277222749
Clinical,5,5yr,1825.0,1,106,0.5885645900621824,0.6518436807403962,-0.0632790906782138,0.0632790906782138
Clinical,5,5yr,1825.0,2,106,0.7993118295799573,0.7537037941312474,0.04560803544870984,0.04560803544870984
Clinical,5,5yr,1825.0,3,105,0.8808703586683775,0.872012644640182,0.008857714028195462,0.008857714028195462
Clinical,5,5yr,1825.0,4,106,0.9153183459105415,0.8993266996540668,0.015991646256474756,0.015991646256474756
Clinical,6,5yr,1825.0,0,106,0.14914794351514024,0.13943245092402212,0.009715492591118119,0.009715492591118119
Clinical,6,5yr,1825.0,1,106,0.601149250033677,0.6239682513463184,-0.022819001312641363,0.022819001312641363
Clinical,6,5yr,1825.0,2,105,0.7985758843733904,0.7998478159027211,-0.0012719315293306943,0.0012719315293306943
Clinical,6,5yr,1825.0,3,106,0.8810990209317635,0.876382505004814,0.004716515926949549,0.004716515926949549
Clinical,6,5yr,1825.0,4,106,0.9157635196176247,0.873849335415319,0.04191418420230575,0.04191418420230575
Clinical,7,5yr,1825.0,0,107,0.15459177952494912,0.13273956450128627,0.021852215023662858,0.021852215023662858
Clinical,7,5yr,1825.0,1,105,0.5967034693211996,0.6235137929964739,-0.02681032367527436,0.02681032367527436
Clinical,7,5yr,1825.0,2,106,0.7982477113122939,0.7884797743710913,0.009767936941202593,0.009767936941202593
Clinical,7,5yr,1825.0,3,105,0.8852938124527824,0.9084867923586135,-0.023192979905831135,0.023192979905831135
Clinical,7,5yr,1825.0,4,106,0.9167575097691634,0.8577629406656767,0.05899456910348666,0.05899456910348666
Clinical,8,5yr,1825.0,0,106,0.1441103527519056,0.13496993972831658,0.009140413023589006,0.009140413023589006
Clinical,8,5yr,1825.0,1,106,0.5882900342169576,0.6529216875135905,-0.0646316532966329,0.0646316532966329
Clinical,8,5yr,1825.0,2,105,0.8040432327209812,0.7937157308988266,0.010327501822154583,0.010327501822154583
Clinical,8,5yr,1825.0,3,107,0.8875226248539418,0.8150894381870564,0.07243318666688547,0.07243318666688547
Clinical,8,5yr,1825.0,4,105,0.9204492275273047,0.8990400730435558,0.021409154483748916,0.021409154483748916
Clinical,9,5yr,1825.0,0,106,0.15016854839996419,0.14632180507198453,0.003846743327979657,0.003846743327979657
Clinical,9,5yr,1825.0,1,106,0.59185890394954,0.6179733193347652,-0.026114415385225187,0.026114415385225187
Clinical,9,5yr,1825.0,2,105,0.797046590827577,0.8006032251042265,-0.0035566342766495396,0.0035566342766495396
Clinical,9,5yr,1825.0,3,106,0.8811790043424635,0.8666160558088305,0.014562948533633047,0.014562948533633047
Clinical,9,5yr,1825.0,4,106,0.9152889451182845,0.8771661940350861,0.0381227510831984,0.0381227510831984
Clinical,10,5yr,1825.0,0,106,0.14854535749355038,0.1366845308856758,0.011860826607874575,0.011860826607874575
Clinical,10,5yr,1825.0,1,106,0.5897166782633863,0.6364749102392605,-0.046758231975874254,0.046758231975874254
Clinical,10,5yr,1825.0,2,105,0.7995523318878772,0.7901119349729298,0.009440396914947469,0.009440396914947469
Clinical,10,5yr,1825.0,3,106,0.881331141647058,0.8433411617352541,0.03798997991180386,0.03798997991180386
Clinical,10,5yr,1825.0,4,106,0.9162012197576037,0.9044084599916481,0.011792759765955618,0.011792759765955618
RNA,1,1yr,365.0,0,106,0.6611901999207447,0.6921707428117269,-0.030980542890982177,0.030980542890982177
RNA,1,1yr,365.0,1,106,0.8207740473288454,0.7919699292103964,0.028804118118448963,0.028804118118448963
RNA,1,1yr,365.0,2,105,0.8786221785549342,0.8604470817187204,0.018175096836213767,0.018175096836213767
RNA,1,1yr,365.0,3,106,0.9187152783150272,0.8806048706863466,0.038110407628680565,0.038110407628680565
RNA,1,1yr,365.0,4,106,0.9491250283866688,1.0,-0.05087497161333121,0.05087497161333121
RNA,2,1yr,365.0,0,106,0.6968319127895665,0.6956410431574841,0.0011908696320823697,0.0011908696320823697
RNA,2,1yr,365.0,1,106,0.8223208411468489,0.7321863201421146,0.09013452100473429,0.09013452100473429
RNA,2,1yr,365.0,2,105,0.8701992772345849,0.8910743438652704,-0.0208750666306855,0.0208750666306855
RNA,2,1yr,365.0,3,106,0.9005691269128422,0.9169995912644606,-0.016430464351618435,0.016430464351618435
RNA,2,1yr,365.0,4,106,0.9325066626586263,0.9799878714372352,-0.04748120877860895,0.04748120877860895
RNA,3,1yr,365.0,0,106,0.6545952760678803,0.7279833406136828,-0.07338806454580249,0.07338806454580249
RNA,3,1yr,365.0,1,106,0.8159988141170371,0.7604176444323806,0.05558116968465654,0.05558116968465654
RNA,3,1yr,365.0,2,105,0.8812253708845912,0.8467017847276084,0.03452358615698281,0.03452358615698281
RNA,3,1yr,365.0,3,106,0.9166692020532541,0.9018562895017368,0.014812912551517288,0.014812912551517288
RNA,3,1yr,365.0,4,106,0.9482039500177075,0.9896907216494844,-0.04148677163177683,0.04148677163177683
RNA,4,1yr,365.0,0,106,0.6436704631536954,0.6887294873899801,-0.04505902423628472,0.04505902423628472
RNA,4,1yr,365.0,1,106,0.8174379161317559,0.7600036446936389,0.05743427143811697,0.05743427143811697
RNA,4,1yr,365.0,2,105,0.8755272268319189,0.8776256460193838,-0.002098419187464895,0.002098419187464895
RNA,4,1yr,365.0,3,106,0.9163872263508993,0.9310271840441675,-0.014639957693268202,0.014639957693268202
RNA,4,1yr,365.0,4,106,0.9529703105572481,0.9598292709705752,-0.00685896041332712,0.00685896041332712
RNA,5,1yr,365.0,0,106,0.6572890113051323,0.7144847713772089,-0.05719576007207661,0.05719576007207661
RNA,5,1yr,365.0,1,106,0.823161019178554,0.7184974341811486,0.10466358499740536,0.10466358499740536
RNA,5,1yr,365.0,2,105,0.8719724730364183,0.8685314685314679,0.00344100450495044,0.00344100450495044
RNA,5,1yr,365.0,3,106,0.9029479920210121,0.9421917933687485,-0.03924380134773642,0.03924380134773642
RNA,5,1yr,365.0,4,106,0.9411667150791875,0.9691480017566971,-0.027981286677509654,0.027981286677509654
RNA,6,1yr,365.0,0,106,0.6291022417638302,0.7021565575364942,-0.07305431577266397,0.07305431577266397
RNA,6,1yr,365.0,1,106,0.8129823206845408,0.7504435350860772,0.0625387855984636,0.0625387855984636
RNA,6,1yr,365.0,2,105,0.8799069250523605,0.8864790913628126,-0.006572166310452099,0.006572166310452099
RNA,6,1yr,365.0,3,106,0.9144885227545272,0.909502640377262,0.004985882377265161,0.004985882377265161
RNA,6,1yr,365.0,4,106,0.9518829003433674,0.9704624447717225,-0.018579544428355077,0.018579544428355077
RNA,7,1yr,365.0,0,106,0.6539965522398666,0.7073006463945165,-0.05330409415464987,0.05330409415464987
RNA,7,1yr,365.0,1,106,0.8137185618309574,0.7819182487024345,0.03180031312852283,0.03180031312852283
RNA,7,1yr,365.0,2,105,0.874336392091513,0.8181728882931343,0.056163503798378756,0.056163503798378756
RNA,7,1yr,365.0,3,106,0.910527790803951,0.9492495374653095,-0.038721746661358525,0.038721746661358525
RNA,7,1yr,365.0,4,106,0.952902246023634,0.9599366821443638,-0.007034436120729737,0.007034436120729737
RNA,8,1yr,365.0,0,106,0.6712425058973035,0.7045364521223119,-0.033293946225008364,0.033293946225008364
RNA,8,1yr,365.0,1,106,0.809559894854249,0.7852456121548058,0.024314282699443135,0.024314282699443135
RNA,8,1yr,365.0,2,105,0.8698421923923751,0.8393104444035485,0.03053174798882663,0.03053174798882663
RNA,8,1yr,365.0,3,106,0.9103670269656553,0.9099827654443433,0.00038426152131199043,0.00038426152131199043
RNA,8,1yr,365.0,4,106,0.9502705743840943,0.9797979797979799,-0.029527405413885544,0.029527405413885544
RNA,9,1yr,365.0,0,106,0.6388325121432463,0.6581007143918356,-0.019268202248589272,0.019268202248589272
RNA,9,1yr,365.0,1,106,0.8132101787932741,0.8135686096429109,-0.00035843084963682603,0.00035843084963682603
RNA,9,1yr,365.0,2,105,0.8815702783932496,0.8577797072300151,0.023790571163234575,0.023790571163234575
RNA,9,1yr,365.0,3,106,0.9196781185017492,0.8930979666708964,0.026580151830852827,0.026580151830852827
RNA,9,1yr,365.0,4,106,0.9494345435294289,1.0,-0.05056545647057109,0.05056545647057109
RNA,10,1yr,365.0,0,106,0.6461452153810994,0.7140586678716208,-0.06791345249052139,0.06791345249052139
RNA,10,1yr,365.0,1,106,0.8200351303880877,0.7268808513504412,0.0931542790376465,0.0931542790376465
RNA,10,1yr,365.0,2,105,0.8789083015492934,0.8789737664663562,-6.546491706271862e-05,6.546491706271862e-05
RNA,10,1yr,365.0,3,106,0.9159940623185004,0.930134259380917,-0.014140197062416537,0.014140197062416537
RNA,10,1yr,365.0,4,106,0.9473190205687847,0.9698762652323035,-0.022557244663518827,0.022557244663518827
RNA,1,3yr,1095.0,0,106,0.4607464983260518,0.4648767973175473,-0.0041302989914954735,0.0041302989914954735
RNA,1,3yr,1095.0,1,106,0.6858035168369687,0.6651052288455152,0.020698287991453568,0.020698287991453568
RNA,1,3yr,1095.0,2,105,0.7837714339700901,0.7710233826056935,0.012748051364396606,0.012748051364396606
RNA,1,3yr,1095.0,3,106,0.8494001181183138,0.8264836252067932,0.022916492911520647,0.022916492911520647
RNA,1,3yr,1095.0,4,106,0.9040373289546263,0.9698156682027649,-0.06577833924813858,0.06577833924813858
RNA,2,3yr,1095.0,0,106,0.512198907818617,0.49469683269862785,0.017502075119989136,0.017502075119989136
RNA,2,3yr,1095.0,1,106,0.6911191555375789,0.5613964709309538,0.12972268460662506,0.12972268460662506
RNA,2,3yr,1095.0,2,105,0.7691782772159177,0.8363646230832216,-0.06718634586730388,0.06718634586730388
RNA,2,3yr,1095.0,3,106,0.8217483045604846,0.8564051253291399,-0.03465682076865528,0.03465682076865528
RNA,2,3yr,1095.0,4,106,0.8774948671384849,0.9319775710002238,-0.054482703861738924,0.054482703861738924
RNA,3,3yr,1095.0,0,106,0.4563031837775123,0.4711921413468867,-0.014888957569374417,0.014888957569374417
RNA,3,3yr,1095.0,1,106,0.6777611320105397,0.6558022452286305,0.02195888678190916,0.02195888678190916
RNA,3,3yr,1095.0,2,105,0.7843646678470225,0.7668818887960125,0.017482779051010033,0.017482779051010033
RNA,3,3yr,1095.0,3,106,0.8463665332133307,0.8597558256875827,-0.013389292474252024,0.013389292474252024
RNA,3,3yr,1095.0,4,106,0.9027529657473077,0.9414726270885185,-0.038719661341210854,0.038719661341210854
RNA,4,3yr,1095.0,0,106,0.4421385071390211,0.46121749082243463,-0.019078983683413542,0.019078983683413542
RNA,4,3yr,1095.0,1,106,0.678910865594455,0.6521020757974821,0.026808789796972876,0.026808789796972876
RNA,4,3yr,1095.0,2,105,0.7768082339296624,0.8139862425677996,-0.03717800863813725,0.03717800863813725
RNA,4,3yr,1095.0,3,106,0.8449665805336775,0.8535513700423847,-0.008584789508707225,0.008584789508707225
RNA,4,3yr,1095.0,4,106,0.910469025273202,0.9027635868094841,0.007705438463717851,0.007705438463717851
RNA,5,3yr,1095.0,0,106,0.46852853781907045,0.49594206508392236,-0.02741352726485191,0.02741352726485191
RNA,5,3yr,1095.0,1,106,0.6910060976459095,0.6249705543532448,0.0660355432926647,0.0660355432926647
RNA,5,3yr,1095.0,2,105,0.7690495435199947,0.7580752616463395,0.010974281873655123,0.010974281873655123
RNA,5,3yr,1095.0,3,106,0.8227841978889759,0.8810961781158336,-0.058311980226857685,0.058311980226857685
RNA,5,3yr,1095.0,4,106,0.8914077778114515,0.9216553836234699,-0.030247605812018352,0.030247605812018352
RNA,6,3yr,1095.0,0,106,0.4331125121274952,0.47092889242631397,-0.037816380298818786,0.037816380298818786
RNA,6,3yr,1095.0,1,106,0.6732862853139779,0.6112869792736545,0.06199930604032344,0.06199930604032344
RNA,6,3yr,1095.0,2,105,0.7818156775648673,0.8491532824543734,-0.06733760488950613,0.06733760488950613
RNA,6,3yr,1095.0,3,106,0.842667040945609,0.8408608807336685,0.0018061602119404663,0.0018061602119404663
RNA,6,3yr,1095.0,4,106,0.908839211662228,0.9154426649807025,-0.00660345331847445,0.00660345331847445
RNA,7,3yr,1095.0,0,106,0.4587905017376722,0.4659511080106333,-0.0071606062729610565,0.0071606062729610565
RNA,7,3yr,1095.0,1,106,0.6737482032242627,0.6798264625416215,-0.006078259317358836,0.006078259317358836
RNA,7,3yr,1095.0,2,105,0.7742703083479339,0.7657941832476228,0.008476125100311038,0.008476125100311038
RNA,7,3yr,1095.0,3,106,0.8358959358548231,0.9040205718416768,-0.0681246359868537,0.0681246359868537
RNA,7,3yr,1095.0,4,106,0.9108034463099953,0.8668574728497915,0.04394597346020379,0.04394597346020379
RNA,8,3yr,1095.0,0,106,0.47551736451333554,0.4784903592625233,-0.002972994749187774,0.002972994749187774
RNA,8,3yr,1095.0,1,106,0.6684636033436455,0.6893822096387208,-0.02091860629507525,0.02091860629507525
RNA,8,3yr,1095.0,2,105,0.7653621919233109,0.7579007374471405,0.007461454476170415,0.007461454476170415
RNA,8,3yr,1095.0,3,106,0.8352497823524214,0.8463036782083199,-0.011053895855898443,0.011053895855898443
RNA,8,3yr,1095.0,4,106,0.9065012902984434,0.9235018445531834,-0.017000554254740008,0.017000554254740008
RNA,9,3yr,1095.0,0,106,0.43695977887146376,0.45830869580488887,-0.02134891693342511,0.02134891693342511
RNA,9,3yr,1095.0,1,106,0.6730408506468424,0.6599634787234495,0.013077371923392866,0.013077371923392866
RNA,9,3yr,1095.0,2,105,0.7842966911809977,0.8276237585495182,-0.043327067368520544,0.043327067368520544
RNA,9,3yr,1095.0,3,106,0.8522732884240294,0.7864257087572013,0.06584757966682808,0.06584757966682808
RNA,9,3yr,1095.0,4,106,0.9055730463469427,0.9698988970588232,-0.06432585071188046,0.06432585071188046
RNA,10,3yr,1095.0,0,106,0.4485591934988761,0.534102395178019,-0.08554320167914298,0.08554320167914298
RNA,10,3yr,1095.0,1,106,0.6808752287824006,0.5802178287992173,0.10065739998318324,0.10065739998318324
RNA,10,3yr,1095.0,2,105,0.7804672437072158,0.7804905123388288,-2.3268631613060364e-05,2.3268631613060364e-05
RNA,10,3yr,1095.0,3,106,0.8446651549583429,0.9012165430167143,-0.056551388058371344,0.056551388058371344
RNA,10,3yr,1095.0,4,106,0.9026683731871388,0.8858893282199493,0.016779044967189516,0.016779044967189516
RNA,1,5yr,1825.0,0,106,0.3196578075246677,0.30919966226579426,0.010458145258873452,0.010458145258873452
RNA,1,5yr,1825.0,1,106,0.5680848318368155,0.5413968164875448,0.026688015349270677,0.026688015349270677
RNA,1,5yr,1825.0,2,105,0.6945352555453602,0.6847357531489532,0.009799502396407034,0.009799502396407034
RNA,1,5yr,1825.0,3,106,0.7821295025556845,0.8077049581449267,-0.025575455589242235,0.025575455589242235
RNA,1,5yr,1825.0,4,106,0.8593338965985371,0.9241530507809813,-0.06481915418244422,0.06481915418244422
RNA,2,5yr,1825.0,0,106,0.377178681822918,0.34075269528812496,0.036425986534793064,0.036425986534793064
RNA,2,5yr,1825.0,1,106,0.5818629196823903,0.407790978536641,0.17407194114574936,0.17407194114574936
RNA,2,5yr,1825.0,2,105,0.6809421397278446,0.7655016100965782,-0.08455947036873368,0.08455947036873368
RNA,2,5yr,1825.0,3,106,0.7490635903195912,0.8389934848647526,-0.08992989454516132,0.08992989454516132
RNA,2,5yr,1825.0,4,106,0.8238374413042022,0.9002294611772986,-0.0763920198730964,0.0763920198730964
RNA,3,5yr,1825.0,0,106,0.31681744593635947,0.30605340881689547,0.010764037119463998,0.010764037119463998
RNA,3,5yr,1825.0,1,106,0.5569519103401526,0.5262115886635585,0.030740321676594018,0.030740321676594018
RNA,3,5yr,1825.0,2,105,0.6944156051498678,0.6809466713278425,0.013468933822025297,0.013468933822025297
RNA,3,5yr,1825.0,3,106,0.7787707342160577,0.8711395052329346,-0.0923687710168769,0.0923687710168769
RNA,3,5yr,1825.0,4,106,0.8566565253163514,0.8961840069190828,-0.03952748160273145,0.03952748160273145
RNA,4,5yr,1825.0,0,106,0.30264846890018493,0.29348427751520556,0.00916419138497937,0.00916419138497937
RNA,4,5yr,1825.0,1,106,0.5594248600781688,0.47712967588101773,0.0822951841971511,0.0822951841971511
RNA,4,5yr,1825.0,2,105,0.6848249090591804,0.7845667317546269,-0.09974182269544651,0.09974182269544651
RNA,4,5yr,1825.0,3,106,0.7770754502356896,0.8393885744490309,-0.06231312421334134,0.06231312421334134
RNA,4,5yr,1825.0,4,106,0.8675924311519905,0.8775994983901529,-0.01000706723816247,0.01000706723816247
RNA,5,5yr,1825.0,0,106,0.3394433732093104,0.33763519830662814,0.001808174902682258,0.001808174902682258
RNA,5,5yr,1825.0,1,106,0.575127071936818,0.4799490035344471,0.09517806840237092,0.09517806840237092
RNA,5,5yr,1825.0,2,105,0.677299408657043,0.7051258924314058,-0.02782648377436281,0.02782648377436281
RNA,5,5yr,1825.0,3,106,0.7492765194399771,0.8873749142043704,-0.13809839476439334,0.13809839476439334
RNA,5,5yr,1825.0,4,106,0.8440004858483708,0.8541089671723743,-0.010108481324003438,0.010108481324003438
RNA,6,5yr,1825.0,0,106,0.2976285707147663,0.2928687820631206,0.004759788651645669,0.004759788651645669
RNA,6,5yr,1825.0,1,106,0.552354563069576,0.49970154098055886,0.05265302208901712,0.05265302208901712
RNA,6,5yr,1825.0,2,105,0.6913304430478386,0.7926460248499932,-0.10131558180215461,0.10131558180215461
RNA,6,5yr,1825.0,3,106,0.7725668111703184,0.7841077491204023,-0.011540937950083818,0.011540937950083818
RNA,6,5yr,1825.0,4,106,0.8656878319931106,0.9075443742077677,-0.041856542214657066,0.041856542214657066
RNA,7,5yr,1825.0,0,106,0.3197810695473163,0.35656726863425003,-0.03678619908693376,0.03678619908693376
RNA,7,5yr,1825.0,1,106,0.5546993105293845,0.49546405036314417,0.05923526016624031,0.05923526016624031
RNA,7,5yr,1825.0,2,105,0.6806378587567654,0.6793594090790551,0.0012784496777102916,0.0012784496777102916
RNA,7,5yr,1825.0,3,106,0.7651312801017995,0.8902688426575017,-0.1251375625557022,0.1251375625557022
RNA,7,5yr,1825.0,4,106,0.8671588045642203,0.8369706171250217,0.0301881874391986,0.0301881874391986
RNA,8,5yr,1825.0,0,106,0.33027085812072643,0.3963454155599367,-0.06607455743921026,0.06607455743921026
RNA,8,5yr,1825.0,1,106,0.5494992062194646,0.4529766162855518,0.09652258993391277,0.09652258993391277
RNA,8,5yr,1825.0,2,105,0.6736351620499363,0.7286773948047617,-0.05504223275482534,0.05504223275482534
RNA,8,5yr,1825.0,3,106,0.7640694744708234,0.8229696615735417,-0.05890018710271827,0.05890018710271827
RNA,8,5yr,1825.0,4,106,0.8596363601901466,0.8778743718278468,-0.018238011637700224,0.018238011637700224
RNA,9,5yr,1825.0,0,106,0.29805493698228214,0.2808779995902287,0.01717693739205345,0.01717693739205345
RNA,9,5yr,1825.0,1,106,0.5514653792075468,0.6138076162287212,-0.06234223702117436,0.06234223702117436
RNA,9,5yr,1825.0,2,105,0.6958728987500709,0.6632497798154613,0.03262311893460956,0.03262311893460956
RNA,9,5yr,1825.0,3,106,0.7842918182192027,0.7741965424518542,0.010095275767348477,0.010095275767348477
RNA,9,5yr,1825.0,4,106,0.8602661813192988,0.9490235810636309,-0.08875739974433217,0.08875739974433217
RNA,10,5yr,1825.0,0,106,0.31203784897082143,0.35278235485623066,-0.04074450588540923,0.04074450588540923
RNA,10,5yr,1825.0,1,106,0.5634390912146974,0.4508044280902289,0.11263466312446846,0.11263466312446846
RNA,10,5yr,1825.0,2,105,0.6889494825673417,0.732453687159719,-0.04350420459237736,0.04350420459237736
RNA,10,5yr,1825.0,3,106,0.7769690738262254,0.8848867353650597,-0.10791766153883431,0.10791766153883431
RNA,10,5yr,1825.0,4,106,0.8564852885472148,0.8562793506034572,0.0002059379437576725,0.0002059379437576725
Multimodal,1,1yr,365.0,0,106,0.60267581892013,0.5442454123351932,0.05843040658493681,0.05843040658493681
Multimodal,1,1yr,365.0,1,106,0.8378120178275441,0.852327524795569,-0.014515506968024838,0.014515506968024838
Multimodal,1,1yr,365.0,2,105,0.8939537762012708,0.8654369833679267,0.028516792833344073,0.028516792833344073
Multimodal,1,1yr,365.0,3,106,0.9197151783130905,0.9804582210242583,-0.060743042711167816,0.060743042711167816
Multimodal,1,1yr,365.0,4,106,0.94403237076821,0.98,-0.03596762923178998,0.03596762923178998
Multimodal,2,1yr,365.0,0,106,0.572636034496328,0.5174301839848976,0.055205850511430454,0.055205850511430454
Multimodal,2,1yr,365.0,1,106,0.8410450958146903,0.8390893559812819,0.0019557398334084652,0.0019557398334084652
Multimodal,2,1yr,365.0,2,105,0.9010611783012907,0.9280613414822477,-0.027000163180956993,0.027000163180956993
Multimodal,2,1yr,365.0,3,106,0.927478148667684,0.9505482053933717,-0.023070056725687738,0.023070056725687738
Multimodal,2,1yr,365.0,4,106,0.9521298632855268,0.9899999999999994,-0.03787013671447259,0.03787013671447259
Multimodal,3,1yr,365.0,0,106,0.5683538454972537,0.5504160555986208,0.017937789898632817,0.017937789898632817
Multimodal,3,1yr,365.0,1,106,0.8398392594745749,0.8368921447227435,0.0029471147518314034,0.0029471147518314034
Multimodal,3,1yr,365.0,2,105,0.9019372229598686,0.8977656457653735,0.004171577194495013,0.004171577194495013
Multimodal,3,1yr,365.0,3,106,0.9303288200942693,0.9493643311179801,-0.019035511023710816,0.019035511023710816
Multimodal,3,1yr,365.0,4,106,0.9541680882063144,0.9897959183673466,-0.035627830161032215,0.035627830161032215
Multimodal,4,1yr,365.0,0,106,0.5273854289895223,0.5732555803384631,-0.04587015134894079,0.04587015134894079
Multimodal,4,1yr,365.0,1,106,0.8510597423739342,0.7803291464210795,0.07073059595285469,0.07073059595285469
Multimodal,4,1yr,365.0,2,105,0.9092692407035028,0.9273565937315198,-0.018087353028017006,0.018087353028017006
Multimodal,4,1yr,365.0,3,106,0.9415677192534339,0.9612387545754485,-0.01967103532201464,0.01967103532201464
Multimodal,4,1yr,365.0,4,106,0.9668620778424916,0.979254914738786,-0.012392836896294446,0.012392836896294446
Multimodal,5,1yr,365.0,0,106,0.5653292818302084,0.5215172533247256,0.043812028505482714,0.043812028505482714
Multimodal,5,1yr,365.0,1,106,0.843236908812448,0.8398394888758264,0.0033974199366215707,0.0033974199366215707
Multimodal,5,1yr,365.0,2,105,0.9063634381874178,0.8971875238727987,0.009175914314619171,0.009175914314619171
Multimodal,5,1yr,365.0,3,106,0.9325929361229474,0.9700345007627021,-0.03744156463975479,0.03744156463975479
Multimodal,5,1yr,365.0,4,106,0.9549441899159242,0.9900990099009903,-0.03515481998506609,0.03515481998506609
Multimodal,6,1yr,365.0,0,106,0.5383482693482997,0.5141064551141716,0.02424181423412808,0.02424181423412808
Multimodal,6,1yr,365.0,1,106,0.8445999633432549,0.8340526009792031,0.010547362364051849,0.010547362364051849
Multimodal,6,1yr,365.0,2,105,0.9063271670409818,0.947587678219505,-0.04126051117852314,0.04126051117852314
Multimodal,6,1yr,365.0,3,106,0.9337433850810088,0.9501326377167404,-0.016389252635731544,0.016389252635731544
Multimodal,6,1yr,365.0,4,106,0.9545569034073186,0.98,-0.025443096592681402,0.025443096592681402
Multimodal,7,1yr,365.0,0,106,0.5425412366737107,0.5364987440559434,0.006042492617767237,0.006042492617767237
Multimodal,7,1yr,365.0,1,106,0.8441197146600031,0.8229554352153798,0.02116427944462329,0.02116427944462329
Multimodal,7,1yr,365.0,2,105,0.9029250655383418,0.9160732646634904,-0.01314819912514853,0.01314819912514853
Multimodal,7,1yr,365.0,3,106,0.9328333638734839,0.9408700647920596,-0.008036700918575668,0.008036700918575668
Multimodal,7,1yr,365.0,4,106,0.9612304203760427,1.0,-0.03876957962395733,0.03876957962395733
Multimodal,8,1yr,365.0,0,106,0.5845131357222262,0.523724000985938,0.06078913473628822,0.06078913473628822
Multimodal,8,1yr,365.0,1,106,0.833629488896443,0.8780881131496003,-0.044458624253157386,0.044458624253157386
Multimodal,8,1yr,365.0,2,105,0.8908172201883899,0.8859875349237055,0.0048296852646844135,0.0048296852646844135
Multimodal,8,1yr,365.0,3,106,0.9235641382204227,0.9586439148047502,-0.03507977658432748,0.03507977658432748
Multimodal,8,1yr,365.0,4,106,0.9552010630154806,0.9799757281553394,-0.02477466513985882,0.02477466513985882
Multimodal,9,1yr,365.0,0,106,0.5675648636909839,0.52329233403083,0.044272529660153936,0.044272529660153936
Multimodal,9,1yr,365.0,1,106,0.8375808754330538,0.8462723648234145,-0.008691489390360685,0.008691489390360685
Multimodal,9,1yr,365.0,2,105,0.896739543904922,0.9075329569753074,-0.010793413070385394,0.010793413070385394
Multimodal,9,1yr,365.0,3,106,0.9300601505452879,0.9579519895309375,-0.02789183898564962,0.02789183898564962
Multimodal,9,1yr,365.0,4,106,0.9583193947922608,0.9900990099009903,-0.03177961510872951,0.03177961510872951
Multimodal,10,1yr,365.0,0,106,0.5933794758504803,0.5191054230468171,0.07427405280366328,0.07427405280366328
Multimodal,10,1yr,365.0,1,106,0.8362918804174835,0.8515924998916929,-0.015300619474209465,0.015300619474209465
Multimodal,10,1yr,365.0,2,105,0.8903602052366137,0.9064629981234154,-0.01610279288680161,0.01610279288680161
Multimodal,10,1yr,365.0,3,106,0.9193027025281991,0.9608367971231082,-0.04153409459490909,0.04153409459490909
Multimodal,10,1yr,365.0,4,106,0.9426041616901298,0.9898989898989904,-0.04729482820886055,0.04729482820886055
Multimodal,1,3yr,1095.0,0,106,0.38921797575766903,0.33859410574291576,0.05062387001475327,0.05062387001475327
Multimodal,1,3yr,1095.0,1,106,0.7029828180536137,0.6848650731544851,0.01811774489912865,0.01811774489912865
Multimodal,1,3yr,1095.0,2,105,0.8005022179002846,0.8440802516037521,-0.04357803370346747,0.04357803370346747
Multimodal,1,3yr,1095.0,3,106,0.8463515735052294,0.9027475095529927,-0.05639593604776327,0.05639593604776327
Multimodal,1,3yr,1095.0,4,106,0.8922876441795201,0.923255439161966,-0.03096779498244584,0.03096779498244584
Multimodal,2,3yr,1095.0,0,106,0.35032183970084285,0.321371860702348,0.02894997899849483,0.02894997899849483
Multimodal,2,3yr,1095.0,1,106,0.7029898089193152,0.639061012560364,0.06392879635895121,0.06392879635895121
Multimodal,2,3yr,1095.0,2,105,0.8099657202764514,0.8628524147289091,-0.05288669445245764,0.05288669445245764
Multimodal,2,3yr,1095.0,3,106,0.8588569630231544,0.9335375209610124,-0.074680557937858,0.074680557937858
Multimodal,2,3yr,1095.0,4,106,0.9043030917024034,0.9460546874999997,-0.04175159579759624,0.04175159579759624
Multimodal,3,3yr,1095.0,0,106,0.3496973685817893,0.3448290532701167,0.004868315311672589,0.004868315311672589
Multimodal,3,3yr,1095.0,1,106,0.6990498059738297,0.6843510946799637,0.014698711293866018,0.014698711293866018
Multimodal,3,3yr,1095.0,2,105,0.8098195963723196,0.8235890219873098,-0.013769425614990172,0.013769425614990172
Multimodal,3,3yr,1095.0,3,106,0.863451767052641,0.9365583803770616,-0.07310661332442059,0.07310661332442059
Multimodal,3,3yr,1095.0,4,106,0.9083678307770907,0.9091895624722537,-0.000821731695162975,0.000821731695162975
Multimodal,4,3yr,1095.0,0,106,0.30469249964044964,0.37059874000391374,-0.0659062403634641,0.0659062403634641
Multimodal,4,3yr,1095.0,1,106,0.7115009727444989,0.6277506609525799,0.08375031179191894,0.08375031179191894
Multimodal,4,3yr,1095.0,2,105,0.8190710435781374,0.8429564880050014,-0.023885444426864022,0.023885444426864022
Multimodal,4,3yr,1095.0,3,106,0.8799167746068962,0.9136856343660504,-0.033768859759154224,0.033768859759154224
Multimodal,4,3yr,1095.0,4,106,0.9303568850297081,0.9444059942224369,-0.014049109192728726,0.014049109192728726
Multimodal,5,3yr,1095.0,0,106,0.34212929932172453,0.3323416619746038,0.009787637347120737,0.009787637347120737
Multimodal,5,3yr,1095.0,1,106,0.7067245633594774,0.6349498680415044,0.07177469531797298,0.07177469531797298
Multimodal,5,3yr,1095.0,2,105,0.8171274673155011,0.8745528872116641,-0.05742541989616301,0.05742541989616301
Multimodal,5,3yr,1095.0,3,106,0.8664416078505011,0.9421513632154187,-0.07570975536491764,0.07570975536491764
Multimodal,5,3yr,1095.0,4,106,0.9104359318593467,0.9069402668384362,0.0034956650209104767,0.0034956650209104767
Multimodal,6,3yr,1095.0,0,106,0.3185992470995629,0.2940408846561925,0.024558362443370396,0.024558362443370396
Multimodal,6,3yr,1095.0,1,106,0.7084805342231375,0.6840174755834932,0.024463058639644264,0.024463058639644264
Multimodal,6,3yr,1095.0,2,105,0.8174244857824732,0.8673950988615982,-0.04997061307912498,0.04997061307912498
Multimodal,6,3yr,1095.0,3,106,0.8676408326929362,0.9300125093462429,-0.062371676653306674,0.062371676653306674
Multimodal,6,3yr,1095.0,4,106,0.9086269413390731,0.9255982007728787,-0.01697125943380562,0.01697125943380562
Multimodal,7,3yr,1095.0,0,106,0.32256251549042764,0.3124621926340142,0.010100322856413435,0.010100322856413435
Multimodal,7,3yr,1095.0,1,106,0.7051495078751504,0.7118277859216788,-0.00667827804652843,0.00667827804652843
Multimodal,7,3yr,1095.0,2,105,0.8076686152090259,0.8235194674311351,-0.015850852222109246,0.015850852222109246
Multimodal,7,3yr,1095.0,3,106,0.8636885391889053,0.9268650042848461,-0.06317646509594077,0.06317646509594077
Multimodal,7,3yr,1095.0,4,106,0.9209987421477656,0.9172067327476109,0.0037920094001546722,0.0037920094001546722
Multimodal,8,3yr,1095.0,0,106,0.3669474448120262,0.3088609059602936,0.058086538851732594,0.058086538851732594
Multimodal,8,3yr,1095.0,1,106,0.6966863298883563,0.7288738966518827,-0.03218756676352641,0.03218756676352641
Multimodal,8,3yr,1095.0,2,105,0.7934987417566971,0.8373122603292502,-0.04381351857255311,0.04381351857255311
Multimodal,8,3yr,1095.0,3,106,0.8526113019484763,0.8792207620416781,-0.026609460093201753,0.026609460093201753
Multimodal,8,3yr,1095.0,4,106,0.9089593718799944,0.9381549521223609,-0.02919558024236646,0.02919558024236646
Multimodal,9,3yr,1095.0,0,106,0.3435972135907983,0.3431590113548328,0.00043820223596552355,0.00043820223596552355
Multimodal,9,3yr,1095.0,1,106,0.6989650220596468,0.6705484980886385,0.028416523971008356,0.028416523971008356
Multimodal,9,3yr,1095.0,2,105,0.8008580328440859,0.8345694547855445,-0.0337114219414586,0.0337114219414586
Multimodal,9,3yr,1095.0,3,106,0.8630434851503528,0.9238291082162987,-0.060785623065945926,0.060785623065945926
Multimodal,9,3yr,1095.0,4,106,0.9157550574911525,0.9235170309142914,-0.00776197342313889,0.00776197342313889
Multimodal,10,3yr,1095.0,0,106,0.37657099206312683,0.32935397819641954,0.04721701386670729,0.04721701386670729
Multimodal,10,3yr,1095.0,1,106,0.7002569156208038,0.670830988979282,0.029425926641521882,0.029425926641521882
Multimodal,10,3yr,1095.0,2,105,0.7943496508856351,0.8365988250452421,-0.04224917415960694,0.04224917415960694
Multimodal,10,3yr,1095.0,3,106,0.845586106971524,0.9335893970899548,-0.08800329011843078,0.08800329011843078
Multimodal,10,3yr,1095.0,4,106,0.887499989585963,0.9318826045778019,-0.04438261499183893,0.04438261499183893
Multimodal,1,5yr,1825.0,0,106,0.2561847385267859,0.20060659699243347,0.05557814153435245,0.05557814153435245
Multimodal,1,5yr,1825.0,1,106,0.5897687241251014,0.6006057359161184,-0.010837011791017037,0.010837011791017037
Multimodal,1,5yr,1825.0,2,105,0.7141495858005796,0.7211596058926193,-0.007010020092039659,0.007010020092039659
Multimodal,1,5yr,1825.0,3,106,0.7770255570142296,0.8414097295294126,-0.06438417251518302,0.06438417251518302
Multimodal,1,5yr,1825.0,4,106,0.8414309476282592,0.9080013106343284,-0.06657036300606922,0.06657036300606922
Multimodal,2,5yr,1825.0,0,106,0.2206210888909944,0.18359473879748922,0.03702635009350519,0.03702635009350519
Multimodal,2,5yr,1825.0,1,106,0.5810274799753236,0.5018560479285801,0.07917143204674348,0.07917143204674348
Multimodal,2,5yr,1825.0,2,105,0.7238863810550065,0.777375456043547,-0.0534890749885405,0.0534890749885405
Multimodal,2,5yr,1825.0,3,106,0.7908945675406771,0.9085978451093482,-0.11770327756867105,0.11770327756867105
Multimodal,2,5yr,1825.0,4,106,0.8553888248045891,0.925925864361702,-0.07053703955711288,0.07053703955711288
Multimodal,3,5yr,1825.0,0,106,0.22159336588438908,0.20216988359832894,0.01942348228606014,0.01942348228606014
Multimodal,3,5yr,1825.0,1,106,0.5735194809105435,0.5898930471993667,-0.01637356628882325,0.01637356628882325
Multimodal,3,5yr,1825.0,2,105,0.7208343660348405,0.7296727807071776,-0.008838414672337036,0.008838414672337036
Multimodal,3,5yr,1825.0,3,106,0.7977684164143944,0.9116858536918324,-0.11391743727743797,0.11391743727743797
Multimodal,3,5yr,1825.0,4,106,0.8614559150881278,0.8645119426947474,-0.0030560276066196046,0.0030560276066196046
Multimodal,4,5yr,1825.0,0,106,0.18142395003036438,0.20706356123962813,-0.025639611209263752,0.025639611209263752
Multimodal,4,5yr,1825.0,1,106,0.5837013075948013,0.5634024871328921,0.02029882046190923,0.02029882046190923
Multimodal,4,5yr,1825.0,2,105,0.7313665391035649,0.6950650740898615,0.03630146501370335,0.03630146501370335
Multimodal,4,5yr,1825.0,3,106,0.8172587805868073,0.899687051875008,-0.08242827128820063,0.08242827128820063
Multimodal,4,5yr,1825.0,4,106,0.8905914546052647,0.9266562733690752,-0.03606481876381051,0.03606481876381051
Multimodal,5,5yr,1825.0,0,106,0.21403724652059583,0.1660104136136451,0.04802683290695073,0.04802683290695073
Multimodal,5,5yr,1825.0,1,106,0.582132710731324,0.5356837330749623,0.04644897765636169,0.04644897765636169
Multimodal,5,5yr,1825.0,2,105,0.7295883209961382,0.826431706256379,-0.09684338526024072,0.09684338526024072
Multimodal,5,5yr,1825.0,3,106,0.8017525940784498,0.865174787147972,-0.06342219306952224,0.06342219306952224
Multimodal,5,5yr,1825.0,4,106,0.864192175357925,0.9036103407808305,-0.03941816542290544,0.03941816542290544
Multimodal,6,5yr,1825.0,0,106,0.19307851049700456,0.17364878092900257,0.019429729568001985,0.019429729568001985
Multimodal,6,5yr,1825.0,1,106,0.5860722657867524,0.5354194570091577,0.050652808777594704,0.050652808777594704
Multimodal,6,5yr,1825.0,2,105,0.7303823242857937,0.8332369758756601,-0.1028546515898664,0.1028546515898664
Multimodal,6,5yr,1825.0,3,106,0.802039559091127,0.8669405663096361,-0.06490100721850911,0.06490100721850911
Multimodal,6,5yr,1825.0,4,106,0.861745204939436,0.8742139588432329,-0.01246875390379698,0.01246875390379698
Multimodal,7,5yr,1825.0,0,106,0.19092597481118076,0.20996628155568434,-0.019040306744503577,0.019040306744503577
Multimodal,7,5yr,1825.0,1,106,0.5814892724153686,0.5543842956000318,0.027104976815336856,0.027104976815336856
Multimodal,7,5yr,1825.0,2,105,0.7161816874336304,0.7583854595149797,-0.04220377208134929,0.04220377208134929
Multimodal,7,5yr,1825.0,3,106,0.7956400161510182,0.8840269505736436,-0.08838693442262535,0.08838693442262535
Multimodal,7,5yr,1825.0,4,106,0.8768291374220898,0.8758811913266163,0.0009479460954734398,0.0009479460954734398
Multimodal,8,5yr,1825.0,0,106,0.2359706227923174,0.15173798905133376,0.08423263374098364,0.08423263374098364
Multimodal,8,5yr,1825.0,1,106,0.5793957605905883,0.6480445042412669,-0.06864874365067863,0.06864874365067863
Multimodal,8,5yr,1825.0,2,105,0.7037042297378657,0.7515136733733007,-0.047809443635434934,0.047809443635434934
Multimodal,8,5yr,1825.0,3,106,0.7833680359581933,0.8203217597756833,-0.03695372381749007,0.03695372381749007
Multimodal,8,5yr,1825.0,4,106,0.8615971715776303,0.9231813486450263,-0.06158417706739605,0.06158417706739605
Multimodal,9,5yr,1825.0,0,106,0.21764350465789117,0.19055304846245216,0.02709045619543901,0.02709045619543901
Multimodal,9,5yr,1825.0,1,106,0.5810527972855889,0.6097834909769771,-0.028730693691388254,0.028730693691388254
Multimodal,9,5yr,1825.0,2,105,0.7099685174119237,0.7456714320084302,-0.03570291459650654,0.03570291459650654
Multimodal,9,5yr,1825.0,3,106,0.7957068944537137,0.8599740723640935,-0.06426717791037984,0.06426717791037984
Multimodal,9,5yr,1825.0,4,106,0.8695331912827704,0.8881693137258048,-0.018636122443034364,0.018636122443034364
Multimodal,10,5yr,1825.0,0,106,0.24524194986777428,0.1536604216974697,0.09158152817030457,0.09158152817030457
Multimodal,10,5yr,1825.0,1,106,0.5810783351239013,0.6109956931446784,-0.029917358020777107,0.029917358020777107
Multimodal,10,5yr,1825.0,2,105,0.7045999359386599,0.7745254748668384,-0.06992553892817854,0.06992553892817854
Multimodal,10,5yr,1825.0,3,106,0.7748085788496913,0.8593284107134168,-0.08451983186372547,0.08451983186372547
Multimodal,10,5yr,1825.0,4,106,0.8336462362664128,0.9123260033172,-0.07867976705078727,0.07867976705078727
