Repeat,Fold,gene_id
1,1,ENSG00000164434.12
1,1,ENSG00000174358.16
1,1,ENSG00000012223.13
1,1,ENSG00000174564.13
1,1,ENSG00000131094.4
1,1,ENSG00000179242.16
1,1,ENSG00000173376.14
1,1,ENSG00000077274.9
1,1,ENSG00000112299.8
1,1,ENSG00000178776.5
1,1,ENSG00000050628.20
1,1,ENSG00000152377.14
1,1,ENSG00000152779.14
1,1,ENSG00000074276.10
1,1,ENSG00000125144.14
1,1,ENSG00000117472.10
1,1,ENSG00000149294.17
1,1,ENSG00000144908.14
1,1,ENSG00000147003.7
1,1,ENSG00000119630.14
1,1,ENSG00000198075.10
1,1,ENSG00000163581.14
1,1,ENSG00000198910.14
1,1,ENSG00000163735.7
1,1,ENSG00000006747.15
1,1,ENSG00000167588.13
1,1,ENSG00000131482.10
1,1,ENSG00000147614.4
1,2,ENSG00000164434.12
1,2,ENSG00000162896.6
1,2,ENSG00000174358.16
1,2,ENSG00000081800.9
1,2,ENSG00000173376.14
1,2,ENSG00000179242.16
1,2,ENSG00000185686.18
1,2,ENSG00000125255.7
1,2,ENSG00000163735.7
1,2,ENSG00000275385.2
1,2,ENSG00000117472.10
1,2,ENSG00000147003.7
1,2,ENSG00000133477.17
1,2,ENSG00000198910.14
1,2,ENSG00000131482.10
1,2,ENSG00000198074.10
1,2,ENSG00000006747.15
1,3,ENSG00000174358.16
1,3,ENSG00000012223.13
1,3,ENSG00000174564.13
1,3,ENSG00000087494.16
1,3,ENSG00000131094.4
1,3,ENSG00000152377.14
1,3,ENSG00000185686.18
1,3,ENSG00000152779.14
1,3,ENSG00000077274.9
1,3,ENSG00000050628.20
1,3,ENSG00000147003.7
1,3,ENSG00000119630.14
1,3,ENSG00000133477.17
1,3,ENSG00000163735.7
1,3,ENSG00000131482.10
1,3,ENSG00000006747.15
1,3,ENSG00000108821.14
1,3,ENSG00000120645.12
1,3,ENSG00000131400.8
1,4,ENSG00000174358.16
1,4,ENSG00000100170.10
1,4,ENSG00000174564.13
1,4,ENSG00000178776.5
1,4,ENSG00000185686.18
1,4,ENSG00000125255.7
1,4,ENSG00000147003.7
1,4,ENSG00000163735.7
1,4,ENSG00000133477.17
1,4,ENSG00000198074.10
1,4,ENSG00000131400.8
1,5,ENSG00000164434.12
1,5,ENSG00000174358.16
1,5,ENSG00000106236.4
1,5,ENSG00000012223.13
1,5,ENSG00000174564.13
1,5,ENSG00000178776.5
1,5,ENSG00000125255.7
1,5,ENSG00000152779.14
1,5,ENSG00000125144.14
1,5,ENSG00000149294.17
1,5,ENSG00000275385.2
1,5,ENSG00000074276.10
1,5,ENSG00000170927.15
1,5,ENSG00000131482.10
1,5,ENSG00000006747.15
1,5,ENSG00000112246.10
2,1,ENSG00000162896.6
2,1,ENSG00000174358.16
2,1,ENSG00000173432.12
2,1,ENSG00000087494.16
2,1,ENSG00000173376.14
2,1,ENSG00000091513.16
2,1,ENSG00000131094.4
2,1,ENSG00000178776.5
2,1,ENSG00000077274.9
2,1,ENSG00000185686.18
2,1,ENSG00000050628.20
2,1,ENSG00000152377.14
2,1,ENSG00000152779.14
2,1,ENSG00000125144.14
2,1,ENSG00000125255.7
2,1,ENSG00000134184.13
2,1,ENSG00000275385.2
2,1,ENSG00000149294.17
2,1,ENSG00000118514.14
2,1,ENSG00000074276.10
2,1,ENSG00000117472.10
2,1,ENSG00000163735.7
2,1,ENSG00000147003.7
2,1,ENSG00000119125.17
2,1,ENSG00000119630.14
2,1,ENSG00000167588.13
2,1,ENSG00000147614.4
2,1,ENSG00000133863.9
2,1,ENSG00000006747.15
2,1,ENSG00000123610.5
2,1,ENSG00000112246.10
2,1,ENSG00000131730.16
2,1,ENSG00000131400.8
2,2,ENSG00000164434.12
2,2,ENSG00000174358.16
2,2,ENSG00000174564.13
2,2,ENSG00000131094.4
2,2,ENSG00000185686.18
2,2,ENSG00000152779.14
2,2,ENSG00000178776.5
2,2,ENSG00000077274.9
2,2,ENSG00000125255.7
2,2,ENSG00000275385.2
2,2,ENSG00000149294.17
2,2,ENSG00000117472.10
2,2,ENSG00000133477.17
2,2,ENSG00000131482.10
2,2,ENSG00000170927.15
2,2,ENSG00000147003.7
2,2,ENSG00000119125.17
2,2,ENSG00000006747.15
2,2,ENSG00000131400.8
2,3,ENSG00000174358.16
2,3,ENSG00000257017.9
2,3,ENSG00000012223.13
2,3,ENSG00000153902.14
2,3,ENSG00000131094.4
2,3,ENSG00000173376.14
2,3,ENSG00000179242.16
2,3,ENSG00000133063.16
2,3,ENSG00000077274.9
2,3,ENSG00000185686.18
2,3,ENSG00000132465.12
2,3,ENSG00000050628.20
2,3,ENSG00000125255.7
2,3,ENSG00000087250.9
2,3,ENSG00000118514.14
2,3,ENSG00000275385.2
2,3,ENSG00000147003.7
2,3,ENSG00000163581.14
2,3,ENSG00000163735.7
2,3,ENSG00000119630.14
2,3,ENSG00000133477.17
2,3,ENSG00000131482.10
2,3,ENSG00000198075.10
2,3,ENSG00000198910.14
2,3,ENSG00000147614.4
2,3,ENSG00000006747.15
2,3,ENSG00000133863.9
2,3,ENSG00000120645.12
2,4,ENSG00000164434.12
2,4,ENSG00000174358.16
2,4,ENSG00000124564.17
2,4,ENSG00000102854.16
2,4,ENSG00000125740.14
2,4,ENSG00000012223.13
2,4,ENSG00000087494.16
2,4,ENSG00000174564.13
2,4,ENSG00000019505.8
2,4,ENSG00000135220.11
2,4,ENSG00000179242.16
2,4,ENSG00000178776.5
2,4,ENSG00000152377.14
2,4,ENSG00000077274.9
2,4,ENSG00000125255.7
2,4,ENSG00000135205.15
2,4,ENSG00000145321.13
2,4,ENSG00000087250.9
2,4,ENSG00000173376.14
2,4,ENSG00000125144.14
2,4,ENSG00000275385.2
2,4,ENSG00000147003.7
2,4,ENSG00000119630.14
2,4,ENSG00000163735.7
2,4,ENSG00000167588.13
2,4,ENSG00000131482.10
2,4,ENSG00000163710.9
2,4,ENSG00000006747.15
2,4,ENSG00000108821.14
2,4,ENSG00000170323.9
2,4,ENSG00000112246.10
2,4,ENSG00000131400.8
2,5,ENSG00000164434.12
2,5,ENSG00000174358.16
2,5,ENSG00000012223.13
2,5,ENSG00000087250.9
2,5,ENSG00000125255.7
2,5,ENSG00000077274.9
2,5,ENSG00000173376.14
2,5,ENSG00000050628.20
2,5,ENSG00000091513.16
2,5,ENSG00000125144.14
2,5,ENSG00000149294.17
2,5,ENSG00000275385.2
2,5,ENSG00000147003.7
2,5,ENSG00000004799.8
2,5,ENSG00000163735.7
2,5,ENSG00000163581.14
2,5,ENSG00000119125.17
2,5,ENSG00000119630.14
2,5,ENSG00000101210.13
2,5,ENSG00000167588.13
2,5,ENSG00000198075.10
2,5,ENSG00000006747.15
2,5,ENSG00000112246.10
2,5,ENSG00000170323.9
2,5,ENSG00000131482.10
2,5,ENSG00000135333.14
2,5,ENSG00000131400.8
3,1,ENSG00000164434.12
3,1,ENSG00000174358.16
3,1,ENSG00000173432.12
3,1,ENSG00000112499.13
3,1,ENSG00000012223.13
3,1,ENSG00000019505.8
3,1,ENSG00000173376.14
3,1,ENSG00000131094.4
3,1,ENSG00000179242.16
3,1,ENSG00000178776.5
3,1,ENSG00000152779.14
3,1,ENSG00000152377.14
3,1,ENSG00000077274.9
3,1,ENSG00000185686.18
3,1,ENSG00000135205.15
3,1,ENSG00000125255.7
3,1,ENSG00000087250.9
3,1,ENSG00000133063.16
3,1,ENSG00000050628.20
3,1,ENSG00000125144.14
3,1,ENSG00000275385.2
3,1,ENSG00000117472.10
3,1,ENSG00000105877.18
3,1,ENSG00000148584.15
3,1,ENSG00000004799.8
3,1,ENSG00000147003.7
3,1,ENSG00000119125.17
3,1,ENSG00000147614.4
3,1,ENSG00000119630.14
3,1,ENSG00000163735.7
3,1,ENSG00000167588.13
3,1,ENSG00000131482.10
3,1,ENSG00000017483.15
3,1,ENSG00000006747.15
3,1,ENSG00000112246.10
3,1,ENSG00000133020.4
3,2,ENSG00000164434.12
3,2,ENSG00000174358.16
3,2,ENSG00000173432.12
3,2,ENSG00000129988.6
3,2,ENSG00000012223.13
3,2,ENSG00000257017.9
3,2,ENSG00000178776.5
3,2,ENSG00000173376.14
3,2,ENSG00000185686.18
3,2,ENSG00000257335.8
3,2,ENSG00000152779.14
3,2,ENSG00000125255.7
3,2,ENSG00000118514.14
3,2,ENSG00000133063.16
3,2,ENSG00000077274.9
3,2,ENSG00000091513.16
3,2,ENSG00000125144.14
3,2,ENSG00000149294.17
3,2,ENSG00000275385.2
3,2,ENSG00000117472.10
3,2,ENSG00000133477.17
3,2,ENSG00000163735.7
3,2,ENSG00000167588.13
3,2,ENSG00000006747.15
3,2,ENSG00000119630.14
3,2,ENSG00000170323.9
3,2,ENSG00000154277.13
3,2,ENSG00000131482.10
3,2,ENSG00000133863.9
3,2,ENSG00000131400.8
3,2,ENSG00000198075.10
3,2,ENSG00000145721.12
3,3,ENSG00000164434.12
3,3,ENSG00000100170.10
3,3,ENSG00000012223.13
3,3,ENSG00000087494.16
3,3,ENSG00000174564.13
3,3,ENSG00000019505.8
3,3,ENSG00000173376.14
3,3,ENSG00000153902.14
3,3,ENSG00000185686.18
3,3,ENSG00000077274.9
3,3,ENSG00000125255.7
3,3,ENSG00000087250.9
3,3,ENSG00000125144.14
3,3,ENSG00000149294.17
3,3,ENSG00000147003.7
3,3,ENSG00000163581.14
3,3,ENSG00000119630.14
3,3,ENSG00000167588.13
3,3,ENSG00000060566.14
3,3,ENSG00000163735.7
3,3,ENSG00000198075.10
3,3,ENSG00000006747.15
3,3,ENSG00000131482.10
3,3,ENSG00000133020.4
3,4,ENSG00000164434.12
3,4,ENSG00000174358.16
3,4,ENSG00000087494.16
3,4,ENSG00000131094.4
3,4,ENSG00000152377.14
3,4,ENSG00000153902.14
3,4,ENSG00000185686.18
3,4,ENSG00000178776.5
3,4,ENSG00000135205.15
3,4,ENSG00000077274.9
3,4,ENSG00000198734.12
3,4,ENSG00000087250.9
3,4,ENSG00000125255.7
3,4,ENSG00000050628.20
3,4,ENSG00000117472.10
3,4,ENSG00000275385.2
3,4,ENSG00000163735.7
3,4,ENSG00000119125.17
3,4,ENSG00000163581.14
3,4,ENSG00000147003.7
3,4,ENSG00000131482.10
3,4,ENSG00000133477.17
3,4,ENSG00000160862.13
3,4,ENSG00000120645.12
3,4,ENSG00000170323.9
3,4,ENSG00000006747.15
3,4,ENSG00000131400.8
3,4,ENSG00000112246.10
3,4,ENSG00000142549.9
3,5,ENSG00000164434.12
3,5,ENSG00000162896.6
3,5,ENSG00000174358.16
3,5,ENSG00000124564.17
3,5,ENSG00000012223.13
3,5,ENSG00000174564.13
3,5,ENSG00000153902.14
3,5,ENSG00000131094.4
3,5,ENSG00000132465.12
3,5,ENSG00000077274.9
3,5,ENSG00000152377.14
3,5,ENSG00000135205.15
3,5,ENSG00000050628.20
3,5,ENSG00000173376.14
3,5,ENSG00000125255.7
3,5,ENSG00000275385.2
3,5,ENSG00000163735.7
3,5,ENSG00000147003.7
3,5,ENSG00000119630.14
3,5,ENSG00000119125.17
3,5,ENSG00000131482.10
3,5,ENSG00000167588.13
3,5,ENSG00000184985.16
3,5,ENSG00000120645.12
3,5,ENSG00000163710.9
3,5,ENSG00000006747.15
3,5,ENSG00000131400.8
4,1,ENSG00000164434.12
4,1,ENSG00000162896.6
4,1,ENSG00000142319.18
4,1,ENSG00000124564.17
4,1,ENSG00000012223.13
4,1,ENSG00000081800.9
4,1,ENSG00000087494.16
4,1,ENSG00000174564.13
4,1,ENSG00000019505.8
4,1,ENSG00000179242.16
4,1,ENSG00000173376.14
4,1,ENSG00000077274.9
4,1,ENSG00000178776.5
4,1,ENSG00000127831.11
4,1,ENSG00000135205.15
4,1,ENSG00000125255.7
4,1,ENSG00000050628.20
4,1,ENSG00000152377.14
4,1,ENSG00000133063.16
4,1,ENSG00000118514.14
4,1,ENSG00000125144.14
4,1,ENSG00000149294.17
4,1,ENSG00000163735.7
4,1,ENSG00000147003.7
4,1,ENSG00000117472.10
4,1,ENSG00000131482.10
4,1,ENSG00000133477.17
4,1,ENSG00000167588.13
4,1,ENSG00000006747.15
4,1,ENSG00000198075.10
4,1,ENSG00000133020.4
4,2,ENSG00000164434.12
4,2,ENSG00000174358.16
4,2,ENSG00000129988.6
4,2,ENSG00000171747.9
4,2,ENSG00000087494.16
4,2,ENSG00000173376.14
4,2,ENSG00000153902.14
4,2,ENSG00000178776.5
4,2,ENSG00000185686.18
4,2,ENSG00000077274.9
4,2,ENSG00000125255.7
4,2,ENSG00000050628.20
4,2,ENSG00000117472.10
4,2,ENSG00000149294.17
4,2,ENSG00000115009.13
4,2,ENSG00000275385.2
4,2,ENSG00000163581.14
4,2,ENSG00000167588.13
4,2,ENSG00000119125.17
4,2,ENSG00000147003.7
4,2,ENSG00000060566.14
4,2,ENSG00000163735.7
4,2,ENSG00000119630.14
4,2,ENSG00000004939.15
4,2,ENSG00000184985.16
4,2,ENSG00000131482.10
4,2,ENSG00000112246.10
4,2,ENSG00000006747.15
4,2,ENSG00000135069.14
4,3,ENSG00000164434.12
4,3,ENSG00000012817.16
4,3,ENSG00000087494.16
4,3,ENSG00000012223.13
4,3,ENSG00000152377.14
4,3,ENSG00000178776.5
4,3,ENSG00000185686.18
4,3,ENSG00000125255.7
4,3,ENSG00000173376.14
4,3,ENSG00000087250.9
4,3,ENSG00000147003.7
4,3,ENSG00000275385.2
4,3,ENSG00000163581.14
4,3,ENSG00000119125.17
4,3,ENSG00000119630.14
4,3,ENSG00000163735.7
4,3,ENSG00000167588.13
4,3,ENSG00000112246.10
4,3,ENSG00000006747.15
4,3,ENSG00000108821.14
4,3,ENSG00000135333.14
4,3,ENSG00000163395.17
4,3,ENSG00000140284.11
4,3,ENSG00000131482.10
4,3,ENSG00000133020.4
4,4,ENSG00000164434.12
4,4,ENSG00000174358.16
4,4,ENSG00000173432.12
4,4,ENSG00000142319.18
4,4,ENSG00000124564.17
4,4,ENSG00000102854.16
4,4,ENSG00000137673.9
4,4,ENSG00000081800.9
4,4,ENSG00000079689.14
4,4,ENSG00000157005.4
4,4,ENSG00000012223.13
4,4,ENSG00000019505.8
4,4,ENSG00000153902.14
4,4,ENSG00000124107.5
4,4,ENSG00000241119.2
4,4,ENSG00000131094.4
4,4,ENSG00000077274.9
4,4,ENSG00000178776.5
4,4,ENSG00000185686.18
4,4,ENSG00000135205.15
4,4,ENSG00000099834.19
4,4,ENSG00000173376.14
4,4,ENSG00000165376.11
4,4,ENSG00000129151.9
4,4,ENSG00000237541.4
4,4,ENSG00000114455.13
4,4,ENSG00000050628.20
4,4,ENSG00000184368.16
4,4,ENSG00000257335.8
4,4,ENSG00000163295.5
4,4,ENSG00000172005.11
4,4,ENSG00000198734.12
4,4,ENSG00000166183.16
4,4,ENSG00000125255.7
4,4,ENSG00000130427.3
4,4,ENSG00000087250.9
4,4,ENSG00000125144.14
4,4,ENSG00000169344.15
4,4,ENSG00000148488.17
4,4,ENSG00000152207.7
4,4,ENSG00000145321.13
4,4,ENSG00000115009.13
4,4,ENSG00000163735.7
4,4,ENSG00000113249.13
4,4,ENSG00000147003.7
4,4,ENSG00000004939.15
4,4,ENSG00000101210.13
4,4,ENSG00000133477.17
4,4,ENSG00000163581.14
4,4,ENSG00000119630.14
4,4,ENSG00000170323.9
4,4,ENSG00000167588.13
4,4,ENSG00000198075.10
4,4,ENSG00000019186.10
4,4,ENSG00000175164.15
4,4,ENSG00000187783.12
4,4,ENSG00000184908.18
4,4,ENSG00000184985.16
4,4,ENSG00000120645.12
4,4,ENSG00000183715.13
4,4,ENSG00000142549.9
4,4,ENSG00000123610.5
4,4,ENSG00000169715.15
4,4,ENSG00000147614.4
4,4,ENSG00000133863.9
4,4,ENSG00000163710.9
4,4,ENSG00000131400.8
4,5,ENSG00000174358.16
4,5,ENSG00000173432.12
4,5,ENSG00000012223.13
4,5,ENSG00000174564.13
4,5,ENSG00000241119.2
4,5,ENSG00000131094.4
4,5,ENSG00000091513.16
4,5,ENSG00000087250.9
4,5,ENSG00000185686.18
4,5,ENSG00000173376.14
4,5,ENSG00000077274.9
4,5,ENSG00000125255.7
4,5,ENSG00000050628.20
4,5,ENSG00000275385.2
4,5,ENSG00000125144.14
4,5,ENSG00000149294.17
4,5,ENSG00000004799.8
4,5,ENSG00000119630.14
4,5,ENSG00000163735.7
4,5,ENSG00000131400.8
4,5,ENSG00000006747.15
4,5,ENSG00000131482.10
4,5,ENSG00000112246.10
4,5,ENSG00000147614.4
5,1,ENSG00000164434.12
5,1,ENSG00000174358.16
5,1,ENSG00000012223.13
5,1,ENSG00000087494.16
5,1,ENSG00000153902.14
5,1,ENSG00000178776.5
5,1,ENSG00000131094.4
5,1,ENSG00000077274.9
5,1,ENSG00000185686.18
5,1,ENSG00000152377.14
5,1,ENSG00000087250.9
5,1,ENSG00000173376.14
5,1,ENSG00000125255.7
5,1,ENSG00000125144.14
5,1,ENSG00000149294.17
5,1,ENSG00000275385.2
5,1,ENSG00000163735.7
5,1,ENSG00000147003.7
5,1,ENSG00000163581.14
5,1,ENSG00000131482.10
5,1,ENSG00000167588.13
5,1,ENSG00000006747.15
5,1,ENSG00000131400.8
5,1,ENSG00000120645.12
5,1,ENSG00000163395.17
5,1,ENSG00000147614.4
5,2,ENSG00000081800.9
5,2,ENSG00000087494.16
5,2,ENSG00000257017.9
5,2,ENSG00000171759.10
5,2,ENSG00000012223.13
5,2,ENSG00000178776.5
5,2,ENSG00000179242.16
5,2,ENSG00000077274.9
5,2,ENSG00000173376.14
5,2,ENSG00000185686.18
5,2,ENSG00000125255.7
5,2,ENSG00000133063.16
5,2,ENSG00000050628.20
5,2,ENSG00000275385.2
5,2,ENSG00000087250.9
5,2,ENSG00000117472.10
5,2,ENSG00000149294.17
5,2,ENSG00000125144.14
5,2,ENSG00000163735.7
5,2,ENSG00000119125.17
5,2,ENSG00000167588.13
5,2,ENSG00000013588.9
5,2,ENSG00000119630.14
5,2,ENSG00000125848.10
5,2,ENSG00000133477.17
5,2,ENSG00000131400.8
5,2,ENSG00000108821.14
5,2,ENSG00000198075.10
5,2,ENSG00000140284.11
5,2,ENSG00000198074.10
5,2,ENSG00000058085.15
5,3,ENSG00000164434.12
5,3,ENSG00000174358.16
5,3,ENSG00000124564.17
5,3,ENSG00000012223.13
5,3,ENSG00000174564.13
5,3,ENSG00000153902.14
5,3,ENSG00000185686.18
5,3,ENSG00000178776.5
5,3,ENSG00000135205.15
5,3,ENSG00000077274.9
5,3,ENSG00000173376.14
5,3,ENSG00000091513.16
5,3,ENSG00000130427.3
5,3,ENSG00000050628.20
5,3,ENSG00000125255.7
5,3,ENSG00000125144.14
5,3,ENSG00000133063.16
5,3,ENSG00000149294.17
5,3,ENSG00000074276.10
5,3,ENSG00000117472.10
5,3,ENSG00000133477.17
5,3,ENSG00000147003.7
5,3,ENSG00000006747.15
5,3,ENSG00000131482.10
5,3,ENSG00000131730.16
5,3,ENSG00000167588.13
5,3,ENSG00000163735.7
5,3,ENSG00000133020.4
5,3,ENSG00000131400.8
5,3,ENSG00000170323.9
5,4,ENSG00000174358.16
5,4,ENSG00000142319.18
5,4,ENSG00000012223.13
5,4,ENSG00000019505.8
5,4,ENSG00000173376.14
5,4,ENSG00000087250.9
5,4,ENSG00000257335.8
5,4,ENSG00000152377.14
5,4,ENSG00000125255.7
5,4,ENSG00000135205.15
5,4,ENSG00000050628.20
5,4,ENSG00000077274.9
5,4,ENSG00000118514.14
5,4,ENSG00000125144.14
5,4,ENSG00000074276.10
5,4,ENSG00000275385.2
5,4,ENSG00000147003.7
5,4,ENSG00000163581.14
5,4,ENSG00000133477.17
5,4,ENSG00000167588.13
5,4,ENSG00000004939.15
5,4,ENSG00000170323.9
5,4,ENSG00000163735.7
5,4,ENSG00000131482.10
5,4,ENSG00000198910.14
5,4,ENSG00000198074.10
5,4,ENSG00000006747.15
5,5,ENSG00000164434.12
5,5,ENSG00000174358.16
5,5,ENSG00000102854.16
5,5,ENSG00000087494.16
5,5,ENSG00000241119.2
5,5,ENSG00000019505.8
5,5,ENSG00000174564.13
5,5,ENSG00000179242.16
5,5,ENSG00000173376.14
5,5,ENSG00000135205.15
5,5,ENSG00000178776.5
5,5,ENSG00000198734.12
5,5,ENSG00000125255.7
5,5,ENSG00000077274.9
5,5,ENSG00000087250.9
5,5,ENSG00000118514.14
5,5,ENSG00000125144.14
5,5,ENSG00000275385.2
5,5,ENSG00000163735.7
5,5,ENSG00000147003.7
5,5,ENSG00000117472.10
5,5,ENSG00000004799.8
5,5,ENSG00000133477.17
5,5,ENSG00000184908.18
5,5,ENSG00000006747.15
5,5,ENSG00000112246.10
5,5,ENSG00000135333.14
5,5,ENSG00000198075.10
5,5,ENSG00000108821.14
6,1,ENSG00000164434.12
6,1,ENSG00000174358.16
6,1,ENSG00000124564.17
6,1,ENSG00000178776.5
6,1,ENSG00000173376.14
6,1,ENSG00000131094.4
6,1,ENSG00000185686.18
6,1,ENSG00000125255.7
6,1,ENSG00000050628.20
6,1,ENSG00000132465.12
6,1,ENSG00000087250.9
6,1,ENSG00000149294.17
6,1,ENSG00000114455.13
6,1,ENSG00000125144.14
6,1,ENSG00000275385.2
6,1,ENSG00000163735.7
6,1,ENSG00000147003.7
6,1,ENSG00000133477.17
6,1,ENSG00000131482.10
6,1,ENSG00000184985.16
6,1,ENSG00000198075.10
6,1,ENSG00000120645.12
6,1,ENSG00000006747.15
6,1,ENSG00000131400.8
6,1,ENSG00000133863.9
6,1,ENSG00000058085.15
6,2,ENSG00000162896.6
6,2,ENSG00000174358.16
6,2,ENSG00000129988.6
6,2,ENSG00000145626.12
6,2,ENSG00000081800.9
6,2,ENSG00000012223.13
6,2,ENSG00000153902.14
6,2,ENSG00000178776.5
6,2,ENSG00000185686.18
6,2,ENSG00000135205.15
6,2,ENSG00000133063.16
6,2,ENSG00000173376.14
6,2,ENSG00000087250.9
6,2,ENSG00000125255.7
6,2,ENSG00000175084.12
6,2,ENSG00000275385.2
6,2,ENSG00000149294.17
6,2,ENSG00000163735.7
6,2,ENSG00000147003.7
6,2,ENSG00000131482.10
6,2,ENSG00000170927.15
6,2,ENSG00000006747.15
6,2,ENSG00000167588.13
6,2,ENSG00000108821.14
6,2,ENSG00000163395.17
6,2,ENSG00000131400.8
6,2,ENSG00000112246.10
6,3,ENSG00000164434.12
6,3,ENSG00000174358.16
6,3,ENSG00000173432.12
6,3,ENSG00000124564.17
6,3,ENSG00000012223.13
6,3,ENSG00000087494.16
6,3,ENSG00000019505.8
6,3,ENSG00000174564.13
6,3,ENSG00000179242.16
6,3,ENSG00000153902.14
6,3,ENSG00000135205.15
6,3,ENSG00000152377.14
6,3,ENSG00000077274.9
6,3,ENSG00000173376.14
6,3,ENSG00000050628.20
6,3,ENSG00000125255.7
6,3,ENSG00000087250.9
6,3,ENSG00000145321.13
6,3,ENSG00000074276.10
6,3,ENSG00000275385.2
6,3,ENSG00000119125.17
6,3,ENSG00000163735.7
6,3,ENSG00000147003.7
6,3,ENSG00000133477.17
6,3,ENSG00000119630.14
6,3,ENSG00000167588.13
6,3,ENSG00000131482.10
6,3,ENSG00000006747.15
6,3,ENSG00000101210.13
6,3,ENSG00000004939.15
6,3,ENSG00000198075.10
6,3,ENSG00000133863.9
6,3,ENSG00000112246.10
6,3,ENSG00000142623.11
6,3,ENSG00000081985.13
6,4,ENSG00000164434.12
6,4,ENSG00000174358.16
6,4,ENSG00000100170.10
6,4,ENSG00000087494.16
6,4,ENSG00000174564.13
6,4,ENSG00000019505.8
6,4,ENSG00000131094.4
6,4,ENSG00000178776.5
6,4,ENSG00000173376.14
6,4,ENSG00000077274.9
6,4,ENSG00000087250.9
6,4,ENSG00000275385.2
6,4,ENSG00000125255.7
6,4,ENSG00000050628.20
6,4,ENSG00000163295.5
6,4,ENSG00000125144.14
6,4,ENSG00000117472.10
6,4,ENSG00000149294.17
6,4,ENSG00000147003.7
6,4,ENSG00000172346.15
6,4,ENSG00000147614.4
6,4,ENSG00000163735.7
6,4,ENSG00000163581.14
6,4,ENSG00000119125.17
6,4,ENSG00000108821.14
6,4,ENSG00000187783.12
6,4,ENSG00000167588.13
6,4,ENSG00000183715.13
6,4,ENSG00000131400.8
6,5,ENSG00000164434.12
6,5,ENSG00000174358.16
6,5,ENSG00000012223.13
6,5,ENSG00000173376.14
6,5,ENSG00000185686.18
6,5,ENSG00000087250.9
6,5,ENSG00000125255.7
6,5,ENSG00000152377.14
6,5,ENSG00000118514.14
6,5,ENSG00000275385.2
6,5,ENSG00000117472.10
6,5,ENSG00000004799.8
6,5,ENSG00000163581.14
6,5,ENSG00000147003.7
6,5,ENSG00000133477.17
6,5,ENSG00000119630.14
6,5,ENSG00000147614.4
6,5,ENSG00000167588.13
6,5,ENSG00000131482.10
6,5,ENSG00000163735.7
6,5,ENSG00000131730.16
6,5,ENSG00000170323.9
6,5,ENSG00000133863.9
6,5,ENSG00000006747.15
7,1,ENSG00000164434.12
7,1,ENSG00000129988.6
7,1,ENSG00000124564.17
7,1,ENSG00000012223.13
7,1,ENSG00000019505.8
7,1,ENSG00000178776.5
7,1,ENSG00000130427.3
7,1,ENSG00000173376.14
7,1,ENSG00000185686.18
7,1,ENSG00000050628.20
7,1,ENSG00000135205.15
7,1,ENSG00000125255.7
7,1,ENSG00000117472.10
7,1,ENSG00000275385.2
7,1,ENSG00000149294.17
7,1,ENSG00000147003.7
7,1,ENSG00000131482.10
7,1,ENSG00000163581.14
7,1,ENSG00000004939.15
7,1,ENSG00000163735.7
7,1,ENSG00000133477.17
7,1,ENSG00000119630.14
7,1,ENSG00000119125.17
7,1,ENSG00000167588.13
7,1,ENSG00000006747.15
7,1,ENSG00000101938.15
7,1,ENSG00000120645.12
7,1,ENSG00000133863.9
7,1,ENSG00000135069.14
7,2,ENSG00000164434.12
7,2,ENSG00000174358.16
7,2,ENSG00000012223.13
7,2,ENSG00000131094.4
7,2,ENSG00000152377.14
7,2,ENSG00000178776.5
7,2,ENSG00000185686.18
7,2,ENSG00000077274.9
7,2,ENSG00000152779.14
7,2,ENSG00000125144.14
7,2,ENSG00000117472.10
7,2,ENSG00000147003.7
7,2,ENSG00000133477.17
7,2,ENSG00000006747.15
7,2,ENSG00000170323.9
7,2,ENSG00000131400.8
7,3,ENSG00000164434.12
7,3,ENSG00000171557.17
7,3,ENSG00000174358.16
7,3,ENSG00000138207.14
7,3,ENSG00000157765.13
7,3,ENSG00000007062.12
7,3,ENSG00000124564.17
7,3,ENSG00000145626.12
7,3,ENSG00000135447.17
7,3,ENSG00000102854.16
7,3,ENSG00000081800.9
7,3,ENSG00000012817.16
7,3,ENSG00000012223.13
7,3,ENSG00000172927.8
7,3,ENSG00000165376.11
7,3,ENSG00000241119.2
7,3,ENSG00000131094.4
7,3,ENSG00000019505.8
7,3,ENSG00000153902.14
7,3,ENSG00000257335.8
7,3,ENSG00000173376.14
7,3,ENSG00000132465.12
7,3,ENSG00000050628.20
7,3,ENSG00000172005.11
7,3,ENSG00000185686.18
7,3,ENSG00000135205.15
7,3,ENSG00000198734.12
7,3,ENSG00000163295.5
7,3,ENSG00000168065.16
7,3,ENSG00000087250.9
7,3,ENSG00000166183.16
7,3,ENSG00000134184.13
7,3,ENSG00000145321.13
7,3,ENSG00000101197.13
7,3,ENSG00000117472.10
7,3,ENSG00000175084.12
7,3,ENSG00000275385.2
7,3,ENSG00000119125.17
7,3,ENSG00000004939.15
7,3,ENSG00000128285.4
7,3,ENSG00000119630.14
7,3,ENSG00000163735.7
7,3,ENSG00000154025.16
7,3,ENSG00000147003.7
7,3,ENSG00000183454.18
7,3,ENSG00000115009.13
7,3,ENSG00000163581.14
7,3,ENSG00000105825.14
7,3,ENSG00000125848.10
7,3,ENSG00000101210.13
7,3,ENSG00000123610.5
7,3,ENSG00000167588.13
7,3,ENSG00000198075.10
7,3,ENSG00000108821.14
7,3,ENSG00000198910.14
7,3,ENSG00000112246.10
7,3,ENSG00000167748.11
7,3,ENSG00000081985.13
7,3,ENSG00000163710.9
7,3,ENSG00000142623.11
7,3,ENSG00000006747.15
7,3,ENSG00000133863.9
7,3,ENSG00000142549.9
7,3,ENSG00000142102.16
7,3,ENSG00000133020.4
7,3,ENSG00000163395.17
7,4,ENSG00000164434.12
7,4,ENSG00000174358.16
7,4,ENSG00000124564.17
7,4,ENSG00000174564.13
7,4,ENSG00000153902.14
7,4,ENSG00000185686.18
7,4,ENSG00000135205.15
7,4,ENSG00000178776.5
7,4,ENSG00000087250.9
7,4,ENSG00000077274.9
7,4,ENSG00000152377.14
7,4,ENSG00000125255.7
7,4,ENSG00000173376.14
7,4,ENSG00000114455.13
7,4,ENSG00000118514.14
7,4,ENSG00000050628.20
7,4,ENSG00000125144.14
7,4,ENSG00000149294.17
7,4,ENSG00000074276.10
7,4,ENSG00000130427.3
7,4,ENSG00000163735.7
7,4,ENSG00000275385.2
7,4,ENSG00000117472.10
7,4,ENSG00000119630.14
7,4,ENSG00000147003.7
7,4,ENSG00000167588.13
7,4,ENSG00000131482.10
7,4,ENSG00000147614.4
7,4,ENSG00000006747.15
7,4,ENSG00000198075.10
7,4,ENSG00000120645.12
7,4,ENSG00000178772.7
7,4,ENSG00000133020.4
7,5,ENSG00000012223.13
7,5,ENSG00000087494.16
7,5,ENSG00000174564.13
7,5,ENSG00000179242.16
7,5,ENSG00000131094.4
7,5,ENSG00000152377.14
7,5,ENSG00000153902.14
7,5,ENSG00000077274.9
7,5,ENSG00000173376.14
7,5,ENSG00000178776.5
7,5,ENSG00000125255.7
7,5,ENSG00000118514.14
7,5,ENSG00000133063.16
7,5,ENSG00000198734.12
7,5,ENSG00000050628.20
7,5,ENSG00000125144.14
7,5,ENSG00000087250.9
7,5,ENSG00000149294.17
7,5,ENSG00000147003.7
7,5,ENSG00000004799.8
7,5,ENSG00000119125.17
7,5,ENSG00000167588.13
7,5,ENSG00000163735.7
7,5,ENSG00000119630.14
7,5,ENSG00000006747.15
7,5,ENSG00000131482.10
7,5,ENSG00000112246.10
7,5,ENSG00000198075.10
7,5,ENSG00000142623.11
7,5,ENSG00000163710.9
7,5,ENSG00000131400.8
8,1,ENSG00000164434.12
8,1,ENSG00000174358.16
8,1,ENSG00000145626.12
8,1,ENSG00000012223.13
8,1,ENSG00000087494.16
8,1,ENSG00000179242.16
8,1,ENSG00000173376.14
8,1,ENSG00000153902.14
8,1,ENSG00000257335.8
8,1,ENSG00000135205.15
8,1,ENSG00000178776.5
8,1,ENSG00000050628.20
8,1,ENSG00000125144.14
8,1,ENSG00000125255.7
8,1,ENSG00000133063.16
8,1,ENSG00000149294.17
8,1,ENSG00000117472.10
8,1,ENSG00000275385.2
8,1,ENSG00000019186.10
8,1,ENSG00000147003.7
8,1,ENSG00000163735.7
8,1,ENSG00000133477.17
8,1,ENSG00000119630.14
8,1,ENSG00000112246.10
8,1,ENSG00000006747.15
8,1,ENSG00000198075.10
8,1,ENSG00000133863.9
8,1,ENSG00000135333.14
8,1,ENSG00000198074.10
8,2,ENSG00000164434.12
8,2,ENSG00000174358.16
8,2,ENSG00000173432.12
8,2,ENSG00000012223.13
8,2,ENSG00000131094.4
8,2,ENSG00000173376.14
8,2,ENSG00000077274.9
8,2,ENSG00000185686.18
8,2,ENSG00000087250.9
8,2,ENSG00000125255.7
8,2,ENSG00000149294.17
8,2,ENSG00000275385.2
8,2,ENSG00000125144.14
8,2,ENSG00000117472.10
8,2,ENSG00000163735.7
8,2,ENSG00000147003.7
8,2,ENSG00000131482.10
8,2,ENSG00000131400.8
8,2,ENSG00000006747.15
8,2,ENSG00000147614.4
8,3,ENSG00000174358.16
8,3,ENSG00000257017.9
8,3,ENSG00000087494.16
8,3,ENSG00000174564.13
8,3,ENSG00000125255.7
8,3,ENSG00000152377.14
8,3,ENSG00000152779.14
8,3,ENSG00000147003.7
8,3,ENSG00000119125.17
8,3,ENSG00000163735.7
8,3,ENSG00000006747.15
8,3,ENSG00000131482.10
8,3,ENSG00000112246.10
8,4,ENSG00000164434.12
8,4,ENSG00000174358.16
8,4,ENSG00000124564.17
8,4,ENSG00000135447.17
8,4,ENSG00000102854.16
8,4,ENSG00000087494.16
8,4,ENSG00000012223.13
8,4,ENSG00000157005.4
8,4,ENSG00000174564.13
8,4,ENSG00000019505.8
8,4,ENSG00000153902.14
8,4,ENSG00000178776.5
8,4,ENSG00000173376.14
8,4,ENSG00000135205.15
8,4,ENSG00000184368.16
8,4,ENSG00000152377.14
8,4,ENSG00000163295.5
8,4,ENSG00000130427.3
8,4,ENSG00000077274.9
8,4,ENSG00000257335.8
8,4,ENSG00000185686.18
8,4,ENSG00000125255.7
8,4,ENSG00000118514.14
8,4,ENSG00000149294.17
8,4,ENSG00000175084.12
8,4,ENSG00000125144.14
8,4,ENSG00000145824.13
8,4,ENSG00000275385.2
8,4,ENSG00000169344.15
8,4,ENSG00000115009.13
8,4,ENSG00000163581.14
8,4,ENSG00000147003.7
8,4,ENSG00000117472.10
8,4,ENSG00000119630.14
8,4,ENSG00000125848.10
8,4,ENSG00000133477.17
8,4,ENSG00000167588.13
8,4,ENSG00000131482.10
8,4,ENSG00000006747.15
8,4,ENSG00000120645.12
8,4,ENSG00000162551.14
8,4,ENSG00000112246.10
8,4,ENSG00000131730.16
8,4,ENSG00000133863.9
8,4,ENSG00000183715.13
8,4,ENSG00000197249.14
8,5,ENSG00000164434.12
8,5,ENSG00000174358.16
8,5,ENSG00000087494.16
8,5,ENSG00000174564.13
8,5,ENSG00000173376.14
8,5,ENSG00000178776.5
8,5,ENSG00000185686.18
8,5,ENSG00000077274.9
8,5,ENSG00000125255.7
8,5,ENSG00000152779.14
8,5,ENSG00000125144.14
8,5,ENSG00000119125.17
8,5,ENSG00000147003.7
8,5,ENSG00000163735.7
8,5,ENSG00000108821.14
8,5,ENSG00000131400.8
9,1,ENSG00000174358.16
9,1,ENSG00000012223.13
9,1,ENSG00000178776.5
9,1,ENSG00000077274.9
9,1,ENSG00000152377.14
9,1,ENSG00000185686.18
9,1,ENSG00000125255.7
9,1,ENSG00000118514.14
9,1,ENSG00000163735.7
9,1,ENSG00000131482.10
9,1,ENSG00000147003.7
9,1,ENSG00000131400.8
9,1,ENSG00000006747.15
9,2,ENSG00000164434.12
9,2,ENSG00000174358.16
9,2,ENSG00000142319.18
9,2,ENSG00000012223.13
9,2,ENSG00000102854.16
9,2,ENSG00000131094.4
9,2,ENSG00000173376.14
9,2,ENSG00000185686.18
9,2,ENSG00000178776.5
9,2,ENSG00000129151.9
9,2,ENSG00000077274.9
9,2,ENSG00000125255.7
9,2,ENSG00000050628.20
9,2,ENSG00000114455.13
9,2,ENSG00000257335.8
9,2,ENSG00000087250.9
9,2,ENSG00000125144.14
9,2,ENSG00000152779.14
9,2,ENSG00000117472.10
9,2,ENSG00000119125.17
9,2,ENSG00000163581.14
9,2,ENSG00000163735.7
9,2,ENSG00000275385.2
9,2,ENSG00000119630.14
9,2,ENSG00000167588.13
9,2,ENSG00000006747.15
9,2,ENSG00000142549.9
9,2,ENSG00000198075.10
9,2,ENSG00000131400.8
9,2,ENSG00000120645.12
9,3,ENSG00000171564.12
9,3,ENSG00000162896.6
9,3,ENSG00000174358.16
9,3,ENSG00000124564.17
9,3,ENSG00000100170.10
9,3,ENSG00000135447.17
9,3,ENSG00000102854.16
9,3,ENSG00000171759.10
9,3,ENSG00000146678.10
9,3,ENSG00000019505.8
9,3,ENSG00000077274.9
9,3,ENSG00000135205.15
9,3,ENSG00000153902.14
9,3,ENSG00000132465.12
9,3,ENSG00000173376.14
9,3,ENSG00000257335.8
9,3,ENSG00000125255.7
9,3,ENSG00000237541.4
9,3,ENSG00000145321.13
9,3,ENSG00000130427.3
9,3,ENSG00000087250.9
9,3,ENSG00000050628.20
9,3,ENSG00000117472.10
9,3,ENSG00000198734.12
9,3,ENSG00000275385.2
9,3,ENSG00000125144.14
9,3,ENSG00000147003.7
9,3,ENSG00000115009.13
9,3,ENSG00000163581.14
9,3,ENSG00000163735.7
9,3,ENSG00000167588.13
9,3,ENSG00000060566.14
9,3,ENSG00000184908.18
9,3,ENSG00000131482.10
9,3,ENSG00000108821.14
9,3,ENSG00000142623.11
9,3,ENSG00000170323.9
9,3,ENSG00000131400.8
9,3,ENSG00000112246.10
9,3,ENSG00000101938.15
9,3,ENSG00000006747.15
9,3,ENSG00000163710.9
9,4,ENSG00000164434.12
9,4,ENSG00000174358.16
9,4,ENSG00000173432.12
9,4,ENSG00000174564.13
9,4,ENSG00000131094.4
9,4,ENSG00000178776.5
9,4,ENSG00000173376.14
9,4,ENSG00000185686.18
9,4,ENSG00000152779.14
9,4,ENSG00000125255.7
9,4,ENSG00000149294.17
9,4,ENSG00000117472.10
9,4,ENSG00000119125.17
9,4,ENSG00000147003.7
9,4,ENSG00000163735.7
9,4,ENSG00000147614.4
9,4,ENSG00000131482.10
9,5,ENSG00000164434.12
9,5,ENSG00000174358.16
9,5,ENSG00000012223.13
9,5,ENSG00000019505.8
9,5,ENSG00000173376.14
9,5,ENSG00000179242.16
9,5,ENSG00000152377.14
9,5,ENSG00000185686.18
9,5,ENSG00000135205.15
9,5,ENSG00000087250.9
9,5,ENSG00000077274.9
9,5,ENSG00000118514.14
9,5,ENSG00000125255.7
9,5,ENSG00000125144.14
9,5,ENSG00000004939.15
9,5,ENSG00000149294.17
9,5,ENSG00000275385.2
9,5,ENSG00000163581.14
9,5,ENSG00000147003.7
9,5,ENSG00000101210.13
9,5,ENSG00000119630.14
9,5,ENSG00000133477.17
9,5,ENSG00000178772.7
9,5,ENSG00000167588.13
9,5,ENSG00000131730.16
9,5,ENSG00000131482.10
9,5,ENSG00000006747.15
9,5,ENSG00000019186.10
9,5,ENSG00000170323.9
9,5,ENSG00000198910.14
10,1,ENSG00000164434.12
10,1,ENSG00000174358.16
10,1,ENSG00000173432.12
10,1,ENSG00000012223.13
10,1,ENSG00000087494.16
10,1,ENSG00000185686.18
10,1,ENSG00000173376.14
10,1,ENSG00000178776.5
10,1,ENSG00000135205.15
10,1,ENSG00000152779.14
10,1,ENSG00000125255.7
10,1,ENSG00000275385.2
10,1,ENSG00000163735.7
10,1,ENSG00000117472.10
10,1,ENSG00000119630.14
10,1,ENSG00000119125.17
10,1,ENSG00000131482.10
10,1,ENSG00000198075.10
10,1,ENSG00000006747.15
10,1,ENSG00000198910.14
10,1,ENSG00000147614.4
10,1,ENSG00000131400.8
10,1,ENSG00000135069.14
10,2,ENSG00000162896.6
10,2,ENSG00000174358.16
10,2,ENSG00000112499.13
10,2,ENSG00000087494.16
10,2,ENSG00000174564.13
10,2,ENSG00000131094.4
10,2,ENSG00000178776.5
10,2,ENSG00000125255.7
10,2,ENSG00000185686.18
10,2,ENSG00000152779.14
10,2,ENSG00000074276.10
10,2,ENSG00000125144.14
10,2,ENSG00000163581.14
10,2,ENSG00000147003.7
10,2,ENSG00000117472.10
10,2,ENSG00000147614.4
10,2,ENSG00000163735.7
10,2,ENSG00000133477.17
10,2,ENSG00000197444.10
10,3,ENSG00000164434.12
10,3,ENSG00000174358.16
10,3,ENSG00000152377.14
10,3,ENSG00000185686.18
10,3,ENSG00000173376.14
10,3,ENSG00000050628.20
10,3,ENSG00000125255.7
10,3,ENSG00000168333.14
10,3,ENSG00000149294.17
10,3,ENSG00000163581.14
10,3,ENSG00000119125.17
10,3,ENSG00000147003.7
10,3,ENSG00000131482.10
10,3,ENSG00000163735.7
10,3,ENSG00000006747.15
10,3,ENSG00000198910.14
10,4,ENSG00000164434.12
10,4,ENSG00000174358.16
10,4,ENSG00000012223.13
10,4,ENSG00000174564.13
10,4,ENSG00000179242.16
10,4,ENSG00000178776.5
10,4,ENSG00000131094.4
10,4,ENSG00000077274.9
10,4,ENSG00000173376.14
10,4,ENSG00000185686.18
10,4,ENSG00000087250.9
10,4,ENSG00000050628.20
10,4,ENSG00000125144.14
10,4,ENSG00000125255.7
10,4,ENSG00000275385.2
10,4,ENSG00000115009.13
10,4,ENSG00000147003.7
10,4,ENSG00000133477.17
10,4,ENSG00000163735.7
10,4,ENSG00000131482.10
10,4,ENSG00000119630.14
10,4,ENSG00000112246.10
10,4,ENSG00000133020.4
10,4,ENSG00000131400.8
10,4,ENSG00000081985.13
10,4,ENSG00000147614.4
10,4,ENSG00000120645.12
10,5,ENSG00000174358.16
10,5,ENSG00000124564.17
10,5,ENSG00000012223.13
10,5,ENSG00000174564.13
10,5,ENSG00000179242.16
10,5,ENSG00000153902.14
10,5,ENSG00000185686.18
10,5,ENSG00000152377.14
10,5,ENSG00000152779.14
10,5,ENSG00000130427.3
10,5,ENSG00000077274.9
10,5,ENSG00000087250.9
10,5,ENSG00000050628.20
10,5,ENSG00000125255.7
10,5,ENSG00000125144.14
10,5,ENSG00000149294.17
10,5,ENSG00000275385.2
10,5,ENSG00000163735.7
10,5,ENSG00000119630.14
10,5,ENSG00000147003.7
10,5,ENSG00000167588.13
10,5,ENSG00000131482.10
10,5,ENSG00000108821.14
10,5,ENSG00000006747.15
10,5,ENSG00000147614.4
10,5,ENSG00000131400.8
