l1_ratio,alpha,valid_inner_folds,mean_inner_cindex,sd_inner_cindex,Outer Fold
1.0,0.03930236997692589,3,0.7765027457083201,0.03451832611169635,1
1.0,0.0597361077142463,3,0.7734120499397794,0.026617514789964762,1
0.9,0.04366929997436211,3,0.7715774267225627,0.03606254325238928,1
0.9,0.06637345301582923,3,0.7673324629103572,0.02818819608339358,1
1.0,0.025858335015603636,3,0.7664285625434705,0.04547724477196509,1
0.9,0.028731483350670713,3,0.7646336070455765,0.04649308719472375,1
0.5,0.05171667003120727,3,0.7531151798718155,0.04528220809721799,1
1.0,0.017013057741091804,3,0.7484152321734637,0.057595215342316756,1
0.5,0.03402611548218361,3,0.7478528191196688,0.053575209892113146,1
0.9,0.01890339749010201,3,0.7471806318838583,0.060039565869687256,1
0.5,0.07860473995385178,3,0.7456323204997825,0.04075023727918353,1
0.5,0.1194722154284926,3,0.7330983172948011,0.032891862141900215,1
0.5,0.02238691188176386,3,0.7287804631772256,0.05983462812601716,1
1.0,0.01119345594088193,3,0.7245861539100215,0.057784793229461076,1
0.9,0.012437173267646592,3,0.7244743813133541,0.0614815056421012,1
1.0,0.09079357216735319,3,0.7112270385698563,0.014520931848682304,1
0.5,0.01472909312449372,3,0.7111097150318605,0.06630617846778909,1
0.9,0.10088174685261465,3,0.7012169586932092,0.017678979735650437,1
1.0,0.00736454656224686,3,0.6843984766917478,0.027704904094789685,1
0.5,0.18158714433470638,3,0.6823926589012279,0.03115116882325413,1
0.9,0.15333128510894126,3,0.6327629378505052,0.052137823111395316,1
1.0,0.13799815659804712,3,0.6316805537047929,0.05114113277671701,1
0.5,0.27599631319609425,3,0.6311913879267831,0.05888234320261802,1
1.0,0.0031879364011387547,3,0.5637644198843179,0.054080193530429414,1
1.0,0.021567834249007347,3,0.7921027909351558,0.02885938648094654,2
0.9,0.02396426027667483,3,0.7888396352663287,0.028255579501076218,2
1.0,0.03278119031035813,3,0.7854804335603314,0.03051937127697035,2
0.9,0.03642354478928681,3,0.784036502907968,0.031056970843843252,2
1.0,0.04982449446510265,3,0.7819246158466949,0.02895850470601329,2
0.9,0.055360549405669604,3,0.7772270047172528,0.032069058665909436,2
1.0,0.01419019473632934,3,0.7747063398511508,0.01929660726773829,2
0.9,0.01576688304036593,3,0.7713297698928372,0.016678951522577496,2
0.5,0.043135668498014694,3,0.7687310878604828,0.019834633527628927,2
0.5,0.02838038947265868,3,0.7624280062001492,0.008655703719237883,2
0.5,0.06556238062071626,3,0.7622603125772324,0.03650725048255126,2
1.0,0.07572880134003662,3,0.7566376931933698,0.0679832688017761,2
0.5,0.0996489889302053,3,0.7490127204036939,0.039182147355808224,2
0.9,0.08414311260004068,3,0.7484496036287008,0.07016195508173403,2
0.5,0.01867240116278402,3,0.7481697696185985,0.018802493067247784,2
0.5,0.012285193109130213,3,0.7268855552917773,0.023122648086442495,2
0.5,0.15145760268007324,3,0.7190942097023806,0.06460101327811676,2
1.0,0.00933620058139201,3,0.6866859389275035,0.11645250318006455,2
1.0,0.11510104445546264,3,0.6716308808038169,0.037500864056880356,2
0.9,0.12789004939495846,3,0.6712168108050344,0.03767046217140529,2
0.5,0.23020208891092528,3,0.666368251085103,0.04397315556382867,2
1.0,0.174943353127316,3,0.5922198960705486,0.048038111239535615,2
0.9,0.19438150347479552,3,0.5902201433933465,0.04686119761558043,2
0.5,0.349886706254632,3,0.5780790134776379,0.03517736508022347,2
1.0,0.05154535899833902,3,0.8066215230752558,0.050847797939437535,3
0.9,0.05727262110926557,3,0.8035116611351772,0.04806058601403163,3
0.9,0.0376815602910102,3,0.8009970564786911,0.05232625169535634,3
1.0,0.03391340426190918,3,0.8009650239388076,0.052496957377725535,3
1.0,0.022312755425153617,3,0.7926367573473719,0.05198594285595135,3
1.0,0.07834436241636321,3,0.7926283473143086,0.06047029585577788,3
0.9,0.024791950472392906,3,0.7916870541077845,0.04921567368841366,3
0.5,0.06782680852381837,3,0.7884012129153604,0.04490511186010333,3
0.5,0.044625510850307235,3,0.7880146071465456,0.04383481812717469,3
1.0,0.014680303127866964,3,0.7856612052045356,0.04727900813933597,3
0.9,0.08704929157373689,3,0.7845124100799432,0.06264372751257272,3
0.9,0.01631144791985218,3,0.7826735802914847,0.048315454682731206,3
0.5,0.029360606255733928,3,0.7786961573822312,0.042375627429414926,3
1.0,0.009658659175868093,3,0.7752308325740924,0.042953457885772844,3
0.9,0.010731843528742324,3,0.7738032248703403,0.04490620130348149,3
0.5,0.10309071799667804,3,0.7736489544449453,0.048267119017596734,3
0.5,0.019317318351736185,3,0.7657876956917912,0.0434198420079153,3
0.5,0.012709505554894604,3,0.753025826528206,0.038829454139377294,3
0.5,0.15668872483272642,3,0.7488409996006351,0.05640901592140632,3
0.5,0.23815292944702343,3,0.6919491007878836,0.04097935878705315,3
0.9,0.13230718302612413,3,0.685079087467177,0.04246058308617045,3
1.0,0.11907646472351172,3,0.6839294346520924,0.043610886203222114,3
1.0,0.0018098563845211947,3,0.6256220669222929,0.13158863929614317,3
1.0,0.0027508207773868903,3,0.6225100615003654,0.05844652539938084,3
1.0,0.041003560406695574,3,0.7964763301552792,0.05536699208230674,4
0.9,0.04555951156299509,3,0.7930451512927114,0.05435753106576069,4
1.0,0.026977604720818598,3,0.7912336307766217,0.05584753000862514,4
0.9,0.029975116356465117,3,0.7899412674823423,0.05653078137757038,4
1.0,0.01774946246750541,3,0.7814347365839683,0.05237117458996146,4
0.9,0.019721624963894905,3,0.7794856583758555,0.0516097100616369,4
0.5,0.053955209441637196,3,0.7777318257875226,0.05716329789478864,4
1.0,0.062321765902666706,3,0.7755486936428596,0.06568793222963414,4
0.5,0.08200712081339115,3,0.7738714647689532,0.05600262849470595,4
0.9,0.012975512307982568,3,0.7697092395205326,0.04754870811476361,4
1.0,0.011677961077184308,3,0.769491738347758,0.04423036471258652,4
0.9,0.06924640655851858,3,0.7681568986589987,0.06528615661835874,4
0.5,0.03549892493501082,3,0.7679884810619892,0.05686015959625854,4
0.5,0.023355922154368616,3,0.7628373887502199,0.05379145069822789,4
0.5,0.015366637177874875,3,0.7436951457202912,0.04639090298991291,4
0.5,0.12464353180533341,3,0.74319939484772,0.06338513578596441,4
0.5,0.18944708540932276,3,0.7025876732002952,0.06714845883138933,4
1.0,0.09472354270466138,3,0.7015729896681705,0.07231925133982958,4
0.9,0.10524838078295709,3,0.7009578726940324,0.07377660546251492,4
0.5,0.2879427247467607,3,0.681348112205446,0.07143363921405065,4
0.9,0.15996818041486704,3,0.6783094722625888,0.07385850539406516,4
1.0,0.14397136237338035,3,0.6764991257497854,0.07457822607351439,4
1.0,0.00332592520180181,3,0.6255416639569032,0.007930960292030517,4
1.0,0.01570882922607043,3,0.7898347918754941,0.053590780928165715,5
0.9,0.017454254695633813,3,0.7881696931905103,0.05360634533107604,5
1.0,0.023876023640919404,3,0.7872546116255021,0.04647695640052198,5
1.0,0.03628943294867966,3,0.7845362057174038,0.041663665817589,5
0.9,0.026528915156577116,3,0.7842817910831075,0.043620142766597696,5
0.9,0.04032159216519962,3,0.7829266048517981,0.03926806893885456,5
0.5,0.03141765845214086,3,0.7782663331935611,0.045408682728083384,5
1.0,0.055156711332775575,3,0.7764727247718519,0.039928739465759304,5
0.9,0.06128523481419509,3,0.7734594382723333,0.03996785314422348,5
0.5,0.04775204728183881,3,0.7733197602948345,0.036266581328329356,5
1.0,0.010335360668303567,3,0.7663719871623148,0.04603937553234916,5
0.5,0.07257886589735932,3,0.7651402303873128,0.03351202592620612,5
0.5,0.020670721336607134,3,0.764436072501848,0.04925891623788032,5
0.9,0.011483734075892853,3,0.7643961913142135,0.047717948248181034,5
1.0,0.08383329685392128,3,0.7531848376873329,0.045579595616768186,5
0.5,0.11031342266555115,3,0.7417603589567614,0.03939857033797979,5
0.9,0.09314810761546809,3,0.739899314424265,0.04301469870958362,5
0.5,0.16766659370784256,3,0.6990353263556348,0.0559708454391721,5
1.0,0.0029435477896549178,3,0.6767637922975798,0.05396066830906743,5
1.0,0.12741915700875828,3,0.6341534835474758,0.0851624447203085,5
0.9,0.1415768411208425,3,0.6340270323528904,0.0879354153846909,5
0.5,0.25483831401751655,3,0.6234027612682823,0.09524150072311308,5
1.0,0.0019366578891813167,3,0.5829605626625171,0.03739030493663359,5
1.0,0.006799977172495962,3,0.5685636843311521,0.018979439235468906,5
