gene_id,gene_name,gene_type,Selection_Count,Selection_Frequency,Repeats_Selected,Folds_Selected
ENSG00000125255.7,SLC10A2,protein_coding,46,0.92,10,5
ENSG00000163735.7,CXCL5,protein_coding,45,0.9,10,5
ENSG00000147003.7,CLTRN,protein_coding,44,0.88,10,5
ENSG00000174358.16,SLC6A19,protein_coding,44,0.88,10,5
ENSG00000006747.15,SCIN,protein_coding,42,0.84,10,5
ENSG00000173376.14,NDNF,protein_coding,40,0.8,10,5
ENSG00000131482.10,G6PC,protein_coding,38,0.76,10,5
ENSG00000164434.12,FABP7,protein_coding,36,0.72,10,5
ENSG00000185686.18,PRAME,protein_coding,36,0.72,10,5
ENSG00000077274.9,CAPN6,protein_coding,35,0.7,10,5
ENSG00000275385.2,CCL18,protein_coding,35,0.7,10,5
ENSG00000012223.13,LTF,protein_coding,34,0.68,10,5
ENSG00000178776.5,C5orf46,protein_coding,33,0.66,10,5
ENSG00000125144.14,MT1G,protein_coding,31,0.62,10,5
ENSG00000167588.13,GPD1,protein_coding,29,0.58,10,5
ENSG00000050628.20,PTGER3,protein_coding,28,0.56,10,5
ENSG00000119630.14,PGF,protein_coding,28,0.56,10,5
ENSG00000131400.8,NAPSA,protein_coding,27,0.54,10,5
ENSG00000087250.9,MT3,protein_coding,27,0.54,9,5
ENSG00000117472.10,TSPAN1,protein_coding,26,0.52,10,5
ENSG00000149294.17,NCAM1,protein_coding,26,0.52,10,5
ENSG00000133477.17,FAM83F,protein_coding,23,0.46,10,5
ENSG00000174564.13,IL20RB,protein_coding,23,0.46,10,5
ENSG00000152377.14,SPOCK1,protein_coding,22,0.44,10,5
ENSG00000131094.4,C1QL1,protein_coding,21,0.42,10,5
ENSG00000163581.14,SLC2A2,protein_coding,20,0.4,10,5
ENSG00000087494.16,PTHLH,protein_coding,20,0.4,9,5
ENSG00000119125.17,GDA,protein_coding,20,0.4,9,5
ENSG00000112246.10,SIM1,protein_coding,19,0.38,10,5
ENSG00000135205.15,CCDC146,protein_coding,19,0.38,9,5
ENSG00000198075.10,SULT1C4,protein_coding,17,0.34,10,5
ENSG00000153902.14,LGI4,protein_coding,17,0.34,9,5
ENSG00000147614.4,ATP6V0D2,protein_coding,16,0.32,10,5
ENSG00000152779.14,SLC16A12,protein_coding,15,0.3,7,5
ENSG00000179242.16,CDH4,protein_coding,14,0.28,10,5
ENSG00000019505.8,SYT13,protein_coding,14,0.28,8,4
ENSG00000124564.17,SLC17A3,protein_coding,13,0.26,9,4
ENSG00000120645.12,IQSEC3,protein_coding,12,0.24,10,5
ENSG00000118514.14,ALDH8A1,protein_coding,12,0.24,8,5
ENSG00000108821.14,COL1A1,protein_coding,11,0.22,9,4
ENSG00000170323.9,FABP4,protein_coding,11,0.22,7,4
ENSG00000133863.9,TEX15,protein_coding,11,0.22,6,5
ENSG00000133063.16,CHIT1,protein_coding,9,0.18,7,4
ENSG00000173432.12,SAA1,protein_coding,9,0.18,7,5
ENSG00000074276.10,CDHR2,protein_coding,8,0.16,6,5
ENSG00000198910.14,L1CAM,protein_coding,8,0.16,6,5
ENSG00000257335.8,MGAM,protein_coding,8,0.16,6,4
ENSG00000133020.4,MYH8,protein_coding,8,0.16,5,3
ENSG00000162896.6,PIGR,protein_coding,7,0.14,7,4
ENSG00000102854.16,MSLN,protein_coding,7,0.14,6,4
ENSG00000130427.3,EPO,protein_coding,7,0.14,6,4
ENSG00000004939.15,SLC4A1,protein_coding,7,0.14,5,5
ENSG00000004799.8,PDK4,protein_coding,6,0.12,6,2
ENSG00000081800.9,SLC13A1,protein_coding,6,0.12,5,4
ENSG00000115009.13,CCL20,protein_coding,6,0.12,5,3
ENSG00000163710.9,PCOLCE2,protein_coding,6,0.12,5,3
ENSG00000198734.12,F5,protein_coding,6,0.12,5,3
ENSG00000101210.13,EEF1A2,protein_coding,5,0.1,5,3
ENSG00000131730.16,CKMT2,protein_coding,5,0.1,5,4
ENSG00000132465.12,JCHAIN,protein_coding,5,0.1,5,3
ENSG00000145321.13,GC,protein_coding,5,0.1,5,2
ENSG00000091513.16,TF,protein_coding,5,0.1,4,4
ENSG00000198074.10,AKR1B10,protein_coding,5,0.1,3,3
ENSG00000100170.10,SLC5A1,protein_coding,4,0.08,4,2
ENSG00000114455.13,HHLA2,protein_coding,4,0.08,4,3
ENSG00000129988.6,LBP,protein_coding,4,0.08,4,2
ENSG00000135333.14,EPHA7,protein_coding,4,0.08,4,3
ENSG00000142549.9,IGLON5,protein_coding,4,0.08,4,3
ENSG00000163295.5,ALPI,protein_coding,4,0.08,4,2
ENSG00000163395.17,IGFN1,protein_coding,4,0.08,4,3
ENSG00000257017.9,HP,protein_coding,4,0.08,4,2
ENSG00000142319.18,SLC6A3,protein_coding,4,0.08,3,3
ENSG00000142623.11,PADI1,protein_coding,4,0.08,3,2
ENSG00000184985.16,SORCS2,protein_coding,4,0.08,3,4
ENSG00000241119.2,UGT1A9,protein_coding,4,0.08,3,3
ENSG00000019186.10,CYP24A1,protein_coding,3,0.06,3,3
ENSG00000060566.14,CREB3L3,protein_coding,3,0.06,3,2
ENSG00000081985.13,IL12RB2,protein_coding,3,0.06,3,2
ENSG00000123610.5,TNFAIP6,protein_coding,3,0.06,3,3
ENSG00000125848.10,FLRT3,protein_coding,3,0.06,3,3
ENSG00000135069.14,PSAT1,protein_coding,3,0.06,3,2
ENSG00000135447.17,PPP1R1A,protein_coding,3,0.06,3,2
ENSG00000145626.12,UGT3A1,protein_coding,3,0.06,3,3
ENSG00000170927.15,PKHD1,protein_coding,3,0.06,3,2
ENSG00000175084.12,DES,protein_coding,3,0.06,3,3
ENSG00000183715.13,OPCML,protein_coding,3,0.06,3,1
ENSG00000184908.18,CLCNKB,protein_coding,3,0.06,3,3
ENSG00000012817.16,KDM5D,protein_coding,2,0.04,2,1
ENSG00000058085.15,LAMC2,protein_coding,2,0.04,2,2
ENSG00000101938.15,CHRDL1,protein_coding,2,0.04,2,2
ENSG00000112499.13,SLC22A2,protein_coding,2,0.04,2,2
ENSG00000129151.9,BBOX1,protein_coding,2,0.04,2,2
ENSG00000134184.13,GSTM1,protein_coding,2,0.04,2,2
ENSG00000140284.11,SLC27A2,protein_coding,2,0.04,2,2
ENSG00000157005.4,SST,protein_coding,2,0.04,2,1
ENSG00000165376.11,CLDN2,protein_coding,2,0.04,2,2
ENSG00000166183.16,ASPG,protein_coding,2,0.04,2,2
ENSG00000169344.15,UMOD,protein_coding,2,0.04,2,1
ENSG00000171759.10,PAH,protein_coding,2,0.04,2,2
ENSG00000172005.11,MAL,protein_coding,2,0.04,2,2
ENSG00000178772.7,CPN2,protein_coding,2,0.04,2,2
ENSG00000184368.16,MAP7D2,protein_coding,2,0.04,2,1
ENSG00000187783.12,TMEM72,protein_coding,2,0.04,2,1
ENSG00000237541.4,HLA-DQA2,protein_coding,2,0.04,2,2
ENSG00000007062.12,PROM1,protein_coding,1,0.02,1,1
ENSG00000013588.9,GPRC5A,protein_coding,1,0.02,1,1
ENSG00000017483.15,SLC38A5,protein_coding,1,0.02,1,1
ENSG00000079689.14,SCGN,protein_coding,1,0.02,1,1
ENSG00000099834.19,CDHR5,protein_coding,1,0.02,1,1
ENSG00000101197.13,BIRC7,protein_coding,1,0.02,1,1
ENSG00000105825.14,TFPI2,protein_coding,1,0.02,1,1
ENSG00000105877.18,DNAH11,protein_coding,1,0.02,1,1
ENSG00000106236.4,NPTX2,protein_coding,1,0.02,1,1
ENSG00000112299.8,VNN1,protein_coding,1,0.02,1,1
ENSG00000113249.13,HAVCR1,protein_coding,1,0.02,1,1
ENSG00000124107.5,SLPI,protein_coding,1,0.02,1,1
ENSG00000125740.14,FOSB,protein_coding,1,0.02,1,1
ENSG00000127831.11,VIL1,protein_coding,1,0.02,1,1
ENSG00000128285.4,MCHR1,protein_coding,1,0.02,1,1
ENSG00000135220.11,UGT2A3,protein_coding,1,0.02,1,1
ENSG00000137673.9,MMP7,protein_coding,1,0.02,1,1
ENSG00000138207.14,RBP4,protein_coding,1,0.02,1,1
ENSG00000142102.16,PGGHG,protein_coding,1,0.02,1,1
ENSG00000144908.14,ALDH1L1,protein_coding,1,0.02,1,1
ENSG00000145721.12,LIX1,protein_coding,1,0.02,1,1
ENSG00000145824.13,CXCL14,protein_coding,1,0.02,1,1
ENSG00000146678.10,IGFBP1,protein_coding,1,0.02,1,1
ENSG00000148488.17,ST8SIA6,protein_coding,1,0.02,1,1
ENSG00000148584.15,A1CF,protein_coding,1,0.02,1,1
ENSG00000152207.7,CYSLTR2,protein_coding,1,0.02,1,1
ENSG00000154025.16,SLC5A10,protein_coding,1,0.02,1,1
ENSG00000154277.13,UCHL1,protein_coding,1,0.02,1,1
ENSG00000157765.13,SLC34A2,protein_coding,1,0.02,1,1
ENSG00000160862.13,AZGP1,protein_coding,1,0.02,1,1
ENSG00000162551.14,ALPL,protein_coding,1,0.02,1,1
ENSG00000167748.11,KLK1,protein_coding,1,0.02,1,1
ENSG00000168065.16,SLC22A11,protein_coding,1,0.02,1,1
ENSG00000168333.14,PPDPFL,protein_coding,1,0.02,1,1
ENSG00000169715.15,MT1E,protein_coding,1,0.02,1,1
ENSG00000171557.17,FGG,protein_coding,1,0.02,1,1
ENSG00000171564.12,FGB,protein_coding,1,0.02,1,1
ENSG00000171747.9,LGALS4,protein_coding,1,0.02,1,1
ENSG00000172346.15,CSDC2,protein_coding,1,0.02,1,1
ENSG00000172927.8,MYEOV,protein_coding,1,0.02,1,1
ENSG00000175164.15,ABO,protein_coding,1,0.02,1,1
ENSG00000183454.18,GRIN2A,protein_coding,1,0.02,1,1
ENSG00000197249.14,SERPINA1,protein_coding,1,0.02,1,1
ENSG00000197444.10,OGDHL,protein_coding,1,0.02,1,1
