Repeat,Fold,Clinical_1yr,Clinical_3yr,Clinical_5yr,RNA_1yr,RNA_3yr,RNA_5yr,Multi_1yr,Multi_3yr,Multi_5yr,Multi_minus_Clinical_1yr,Multi_minus_RNA_1yr,Multi_minus_Clinical_3yr,Multi_minus_RNA_3yr,Multi_minus_Clinical_5yr,Multi_minus_RNA_5yr
1,1,0.8991790235283491,0.8035110922733164,0.7707376447544932,0.6385650520910315,0.7033085064765636,0.7083949257861415,0.844069382949574,0.8255532527682519,0.8600153110280521,-0.0551096405787751,0.20550433085854247,0.02204216049493546,0.12224474629168824,0.08927766627355882,0.15162038524191057
1,2,0.7615204055934107,0.7404961661383364,0.7962823894128898,0.7374157348216674,0.7251400187291964,0.748599904457343,0.7562289425174586,0.7617105519399381,0.7723232111669154,-0.005291463075952074,0.0188132076957912,0.02121438580160173,0.03657053321074166,-0.023959178245974377,0.023723306709572345
1,3,0.9254057934173548,0.8818543171320882,0.8533682736439174,0.8125812020060627,0.7816062424976367,0.7149087179189182,0.8959325303763587,0.8307773434746245,0.7609539344536129,-0.029473263040996178,0.08335132837029602,-0.051076973657463665,0.04917110097698785,-0.0924143391903045,0.04604521653469473
1,4,0.8559368068553269,0.850822500062787,0.8649011874305275,0.7009758927411086,0.7499993372882385,0.7882299063439127,0.8523665389079783,0.8577397392613504,0.825475283614655,-0.0035702679473486043,0.1513906461668697,0.006917239198563352,0.10774040197311185,-0.03942590381587241,0.0372453772707424
1,5,0.8441178537826809,0.8497400565510731,0.8440866287153248,0.7343934017959304,0.743342896911576,0.8483250268110241,0.7804904214031828,0.7756562117874308,0.7324468714584467,-0.06362743237949808,0.04609701960725243,-0.07408384476364227,0.03231331487585487,-0.11163975725687814,-0.1158781553525774
2,1,0.9083082087416771,0.8967399451018994,0.796690456217416,0.7188614226136198,0.7206284550475428,0.7132692391786253,0.8564636957119175,0.8318211122826581,0.7260195934902283,-0.051844513029759565,0.13760227309829764,-0.06491883281924127,0.11119265723511529,-0.0706708627271877,0.012750354311602985
2,2,0.8360011631465617,0.8038025839549113,0.7912992674665349,0.7240645506058914,0.8266676963134062,0.8359876283029859,0.8596724722286685,0.8733219151059485,0.8882233912319524,0.023671309082106795,0.13560792162277713,0.06951933115103714,0.04665421879254228,0.09692412376541748,0.05223576292896648
2,3,0.8894211696931389,0.8106679958616413,0.8064212676527398,0.7928007157807977,0.822895519279912,0.8579368460220793,0.898539647805683,0.8946587193908131,0.9086521436432845,0.00911847811254407,0.10573893202488527,0.0839907235291718,0.0717632001109011,0.1022308759905447,0.05071529762120519
2,4,0.7674400355765365,0.7267553439358303,0.7992850732198612,0.6748527700932659,0.6313634679404373,0.7095733178123406,0.8118093986024023,0.7312467641768957,0.7905085761326545,0.044369363025865804,0.13695662850913637,0.004491420241065414,0.09988329623645842,-0.008776497087206736,0.0809352583203139
2,5,0.8348641305636337,0.8546997078735529,0.8642250180098419,0.7832614539165998,0.7537663242469338,0.6845410688396287,0.8222647013208076,0.8378275233249673,0.8150676951708211,-0.012599429242826088,0.0390032474042078,-0.016872184548585523,0.08406119907803355,-0.049157322839020745,0.13052662633119239
3,1,0.9043529613881925,0.8701657149962374,0.880558948921051,0.749204131497934,0.7454510204631422,0.7700400024716461,0.8496190223456802,0.8412869251062669,0.8426198218625015,-0.054733939042512336,0.10041489084774624,-0.028878789889970502,0.09583590464312475,-0.037939127058549516,0.07257981939085545
3,2,0.9119900237916126,0.8352672014979563,0.8070554486750576,0.7572169094411486,0.7298783702534534,0.8131829166279548,0.8621776946091196,0.8130789459665243,0.8606299100524516,-0.04981232918249301,0.10496078516797103,-0.022188255531432,0.08320057571307093,0.05357446137739397,0.047446993424496764
3,3,0.9018403834955431,0.853381619473377,0.7674143410202812,0.7100569090373059,0.784966296593082,0.7097656145390503,0.8243665569755961,0.813858306428924,0.7229983768959023,-0.07747382651994694,0.11430964793829024,-0.039523313044453,0.028892009835841947,-0.04441596412437887,0.013232762356852001
3,4,0.8361311992943807,0.8341449742520556,0.9186150575532761,0.6866802008665698,0.7101007940023467,0.7360043459003864,0.8676801007121108,0.8268918065715146,0.828089501404773,0.031548901417730035,0.180999899845541,-0.007253167680540962,0.1167910125691679,-0.0905255561485031,0.09208515550438656
3,5,0.7181012209464163,0.7263406669936042,0.7268543625272451,0.6896026310310194,0.695813063169026,0.7757522462844793,0.6766882510025558,0.7061679199652084,0.740462703659843,-0.041412969943860456,-0.012914380028463568,-0.020172747028395777,0.010354856796182421,0.013608341132597901,-0.03528954262463624
4,1,0.8716304197185196,0.7986043872625832,0.834916148651234,0.6327958421284633,0.6474756904656945,0.7336738440754293,0.7617557865377672,0.7145130391888214,0.8174518073183148,-0.10987463318075241,0.12895994440930392,-0.08409134807376184,0.06703734872312683,-0.017464341332919187,0.08377796324288544
4,2,0.800127744122512,0.8391280985513332,0.8833328046642038,0.7859924789173557,0.7389247909158088,0.7577909451354895,0.85908485776614,0.8428510275203714,0.8618005292834184,0.05895711364362799,0.07309237884878428,0.0037229289690382528,0.10392623660456268,-0.021532275380785393,0.10400958414792894
4,3,0.8515924053567345,0.7957456143987427,0.7109479357688308,0.7068736714830834,0.7206271649636994,0.7733711683352178,0.8085358954934345,0.7535005320825429,0.6734826510681768,-0.04305650986330001,0.10166222401035108,-0.04224508231619983,0.03287336711884348,-0.03746528470065391,-0.09988851726704095
4,4,0.8473479705942117,0.7509468240374291,0.7902083068039661,0.7469917558427729,0.7997081611432203,0.8483755170889866,0.8160584115576157,0.8011766934679642,0.837031484885329,-0.031289559036596026,0.06906665571484283,0.05022986943053509,0.0014685323247438653,0.046823178081362826,-0.01134403220365765
4,5,0.9210143517069297,0.9072504076706531,0.8772810958446298,0.7696225043184267,0.7828729867120227,0.7324397481187562,0.8827843331360093,0.9077965314825824,0.8633062652840118,-0.03823001857092034,0.11316182881758263,0.000546123811929311,0.12492354477055978,-0.01397483056061799,0.13086651716525555
5,1,0.8987450436746541,0.9344440960143885,0.8825729035707276,0.7322199111386745,0.7576353199859024,0.7601184464798403,0.8274606247725634,0.8677398177322151,0.8000077528251325,-0.0712844189020907,0.09524071363388897,-0.0667042782821734,0.1101044977463127,-0.08256515074559512,0.0398893063452922
5,2,0.9117270902544552,0.8901654343428218,0.8204606974653688,0.7727226471081645,0.7189596890619907,0.6978174805598221,0.9050192923239325,0.8107705609057657,0.8049694559409566,-0.006707797930522674,0.132296645215768,-0.07939487343705609,0.09181087184377501,-0.01549124152441217,0.10715197538113452
5,3,0.8731148162776382,0.8646934223040788,0.8590013962116614,0.670787384359098,0.7463027287450418,0.8049772111753378,0.8442383442515478,0.8747350851742222,0.8787703582616978,-0.02887647202609045,0.17345095989244974,0.010041662870143409,0.12843235642918038,0.01976896205003642,0.07379314708635998
5,4,0.8261324969322509,0.7245062326853549,0.7690719204252793,0.7608594964848093,0.670330381070021,0.6775511515138135,0.8018314789313126,0.6731735452034853,0.6660206991342531,-0.024301018000938313,0.04097198244650324,-0.05133268748186959,0.0028431641334643043,-0.10305122129102617,-0.011530452379560407
5,5,0.7510645743318486,0.7177412300844075,0.8041122639531502,0.7068458207047066,0.7451449661822984,0.830723945009058,0.794899602557497,0.8073538805410003,0.8759639502503909,0.04383502822564844,0.08805378185279045,0.08961265045659284,0.062208914358701906,0.0718516862972407,0.04524000524133287
6,1,0.8641290325042538,0.8409198797575604,0.8984401223369892,0.656466131976044,0.7181187753987506,0.8036657617494194,0.7667723924857852,0.7935443268332328,0.8603177902402297,-0.09735664001846855,0.11030626050974124,-0.0473755529243276,0.07542555143448226,-0.038122332096759526,0.0566520284908103
6,2,0.8242871005874151,0.7941054316610101,0.7355552740771872,0.797062868221783,0.8006665358220957,0.8002722265994893,0.8419435473707733,0.8249271289978639,0.8055022245192518,0.017656446783358204,0.0448806791489903,0.030821697336853804,0.02426059317576823,0.06994695044206456,0.00522999791976253
6,3,0.8727659850455434,0.7844738983856696,0.7707215213203057,0.7234302495232079,0.691197700150224,0.74756071787912,0.882708855782743,0.7820328789688311,0.8228908355927815,0.009942870737199683,0.15927860625953516,-0.002441019416838497,0.09083517881860714,0.05216931427247584,0.07533011771366149
6,4,0.8193393772021768,0.8216527536451478,0.8426118759417682,0.7512306379379674,0.8042765807789245,0.8037231416508479,0.8655156630857789,0.8570244061053325,0.810160017616208,0.04617628588360212,0.11428502514781147,0.0353716524601847,0.05274782532640798,-0.03245185832556019,0.006436875965360134
6,5,0.8866993047470938,0.8468204954334669,0.7853038953677389,0.772284455327036,0.7516873389452357,0.6675907877080045,0.8959029692852426,0.8836799883838885,0.7901109148775081,0.009203664538148804,0.12361851395820656,0.03685949295042157,0.13199264943865285,0.004807019509769139,0.12252012716950356
7,1,0.8881339696462299,0.825336079615364,0.8686316400047627,0.7541651434370035,0.7426320112627169,0.7987511423923611,0.8766858182193236,0.8291316175249747,0.8455005394255226,-0.011448151426906361,0.1225206747823201,0.0037955379096106245,0.08649960626225772,-0.02313110057924006,0.0467493970331615
7,2,0.776969751871085,0.8090206679062297,0.8279500465960647,0.7060306527432525,0.7635628683868797,0.7631334725972891,0.7758681900375766,0.784915193237754,0.7175833886059266,-0.001101561833508402,0.06983753729432407,-0.02410547466847568,0.02135232485087435,-0.11036665799013812,-0.04555008399136251
7,3,0.8748812744250314,0.8407583391159441,0.7642096645117751,0.7357241324389443,0.6078705348436613,0.6620252565909971,0.8826009161603797,0.7536104356558838,0.770465781114002,0.007719641735348337,0.14687678372143542,-0.0871479034600603,0.14573990081222254,0.006256116602226913,0.1084405245230049
7,4,0.9390571181685846,0.8696426196501558,0.845717819875793,0.688637006143905,0.7269414516921157,0.7266929951472155,0.9119656793209567,0.8594142473426064,0.8425665249298178,-0.02709143884762788,0.22332867317705174,-0.01022837230754936,0.13247279565049075,-0.0031512949459752138,0.11587352978260224
7,5,0.8491306302746476,0.7668551508520496,0.7966059354739391,0.7228352989501883,0.7874791640940599,0.786810765996459,0.778048642890811,0.8203621799005605,0.8281650433078597,-0.07108198738383664,0.05521334394062272,0.0535070290485109,0.03288301580650055,0.031559107833920574,0.04135427731140062
8,1,0.9421879535832642,0.8408226692957582,0.8729078994371838,0.7832425878773664,0.7098184543826893,0.7443325115995119,0.8908183203651545,0.7712841212324433,0.829189277830734,-0.05136963321810972,0.10757573248778807,-0.06953854806331494,0.061465666849753964,-0.04371862160644979,0.08485676623122218
8,2,0.8451536378139539,0.8664598761640326,0.8369955080522816,0.7966026089492553,0.7198899933666978,0.6969277948776037,0.9226716245428098,0.8739150251260126,0.802719586909063,0.0775179867288559,0.12606901559355455,0.007455148961979963,0.1540250317593148,-0.034275921143218646,0.10579179203145928
8,3,0.7935260837783216,0.7518781580901823,0.8358560825267376,0.6268762353040314,0.7033384262189787,0.7647164553393299,0.7102544081918505,0.7596522788506674,0.8146925445551946,-0.08327167558647108,0.08337817288781912,0.007774120760485115,0.056313852631688754,-0.021163537971543023,0.049976089215864716
8,4,0.8596426486759742,0.8253838049597098,0.7574301901620197,0.7504218258227032,0.7461097702456911,0.7580642826067371,0.8528085542947894,0.8517306361990622,0.8497865782839641,-0.006834094381184763,0.10238672847208619,0.026346831239352442,0.10562086595337106,0.09235638812194435,0.091722295677227
8,5,0.8225391859099478,0.8104471041805728,0.8103711730617712,0.571980538462788,0.6796042414014121,0.7109244215431308,0.7984778734795038,0.8092468031217546,0.7749800041290249,-0.02406131243044396,0.22649733501671587,-0.0012003010588181873,0.1296425617203425,-0.0353911689327463,0.06405558258589406
9,1,0.8785652584866489,0.8420247938838452,0.8924200385734198,0.6891150149886209,0.6657627247442582,0.747393724628561,0.8059760501598919,0.8090331716449263,0.8210156338152315,-0.07258920832675697,0.116861035171271,-0.03299162223891894,0.14327044690066804,-0.07140440475818832,0.07362190918667044
9,2,0.7649929905667832,0.8125034127808879,0.7227923942212116,0.6740816232517243,0.7464013787015529,0.7812674378130937,0.7362444169624479,0.8141203956481834,0.8124282116210582,-0.028748573604335248,0.06216279371072364,0.0016169828672955022,0.06771901694663052,0.0896358173998466,0.031160773807964448
9,3,0.8291265211447221,0.7863596077002075,0.7763923779298596,0.7999030975723079,0.8129808171825709,0.7802488789336236,0.8675912096871153,0.8651022728509812,0.8199969354723872,0.038464688542393266,0.06768811211480741,0.07874266515077366,0.05212145566841031,0.04360455754252757,0.039748056538763565
9,4,0.8858696447898872,0.8363151798214673,0.8531579003805841,0.7405277278703721,0.7322878880381902,0.6723605259984513,0.8287205475335696,0.7479471694427906,0.7696757852794316,-0.05714909725631756,0.08819281966319747,-0.0883680103786767,0.015659281404600378,-0.08348211510115255,0.09731525928098028
9,5,0.9141345800482353,0.839177748782322,0.8476064891952177,0.7931505503344732,0.7542119707922605,0.8050944165685865,0.8944464067390603,0.8410758885885147,0.7909395055842198,-0.01968817330917505,0.10129585640458705,0.001898139806192689,0.08686391779625413,-0.05666698361099798,-0.01415491098436672
10,1,0.7500248638749829,0.7615087145168826,0.7636288604743772,0.6878449085402801,0.6871430249991841,0.8073360816135845,0.8015761248701737,0.8038726317003874,0.8473140496189034,0.051551260995190806,0.11373121632989358,0.04236391718350474,0.11672960670120325,0.08368518914452627,0.03997796800531894
10,2,0.8300578673334676,0.8721473509651955,0.8461369382317621,0.7374472710058487,0.7490627103336104,0.6938535747921302,0.8400037278052044,0.8539424382412899,0.7945168445800261,0.009945860471736734,0.10255645679935566,-0.018204912723905564,0.10487972790767952,-0.05162009365173592,0.10066326978789597
10,3,0.8218326863320498,0.8198704927406046,0.898327323000113,0.7456245646780436,0.729734748875825,0.7655565052174661,0.76388098679821,0.7359882487546595,0.7022942747350622,-0.05795169953383972,0.018256422120166427,-0.08388224398594513,0.006253499878834501,-0.19603304826505075,-0.06326223048240387
10,4,0.92027791011041,0.8586229692972852,0.8444906979912252,0.6803362775998056,0.7568920444815392,0.7529338109319561,0.8756230334576514,0.8737702503772063,0.9043554773332414,-0.04465487665275869,0.19528675585784572,0.015147281079921138,0.11687820589566711,0.05986477934201617,0.1514216664012853
10,5,0.9527397778397121,0.7972109177022715,0.7704322533226967,0.8344353609245829,0.7461745682146577,0.7364647000573318,0.8942227089887,0.7863330655578087,0.7322185723995623,-0.058517068851012044,0.05978734806411712,-0.010877852144462796,0.04015849734315102,-0.038213680923134374,-0.0042461276577694385
