l1_ratio,alpha,valid_inner_folds,mean_inner_cindex,sd_inner_cindex,Repeat,Outer Fold
1.0,0.0341627802828137,3,0.7862236736819139,0.02627261395447585,1,1
0.9,0.037958644758681895,3,0.7834406782038511,0.026752988912452164,1,1
1.0,0.05192438837633451,3,0.781846144184311,0.033451145515567104,1,1
0.9,0.0576937648625939,3,0.7798285933227035,0.03455898321969574,1,1
1.0,0.0224768281947396,3,0.7775261129678963,0.023915156396392936,1,1
0.9,0.02497425354971067,3,0.773545907326938,0.024723564036721334,1,1
0.5,0.0683255605656274,3,0.7714911629340869,0.029936243414698825,1,1
0.5,0.10384877675266901,3,0.764091642739924,0.03717266708470337,1,1
0.5,0.0449536563894792,3,0.7601344302296921,0.023841733241231327,1,1
1.0,0.014788252054239167,3,0.756104937806051,0.028516058569863164,1,1
0.9,0.016431391171376857,3,0.7530564597891815,0.028187844008970227,1,1
1.0,0.0789204533687433,3,0.7471197566399627,0.037626248148902836,1,1
0.5,0.029576504108478334,3,0.745250725352399,0.0223498769775265,1,1
0.9,0.08768939263193701,3,0.7417996602949147,0.03809562880971705,1,1
1.0,0.009729682361094479,3,0.7385535667849368,0.022305696884449243,1,1
0.9,0.010810758178993869,3,0.7370938725146973,0.022747199372449924,1,1
0.5,0.019459364722188958,3,0.7321588545542489,0.02683246291523356,1,1
0.5,0.1578409067374866,3,0.7309065405887388,0.033508392151091936,1,1
0.5,0.012802962581457501,3,0.7204121235921538,0.01926415735771916,1,1
0.5,0.23990414349364628,3,0.7028359763939213,0.03233905996590331,1,1
0.9,0.13328007971869238,3,0.6993377035988227,0.032307321965192426,1,1
1.0,0.11995207174682314,3,0.698990242373741,0.03099124972831027,1,1
1.0,0.006401481290728751,3,0.6689566585574065,0.04869109483060441,1,1
0.5,0.3646329665423239,3,0.668716296540656,0.0428419214445597,1,1
0.9,0.20257387030129106,3,0.668716296540656,0.0428419214445597,1,1
1.0,0.18231648327116196,3,0.668716296540656,0.0428419214445597,1,1
1.0,0.001823164832711619,3,0.6435391441835567,0.07870145314925,1,1
1.0,0.002771048435288421,3,0.6236264702383413,0.06314422578890226,1,1
0.9,0.0046797191424380645,3,0.5855628971778458,0.08632065093386801,1,1
1.0,0.047314308163640934,3,0.8045345798831676,0.02279623186050546,1,2
0.9,0.052571453515156595,3,0.8036672814925518,0.023824168753298913,1,2
1.0,0.07191354136016832,3,0.7992641031467796,0.04084367898481948,1,2
1.0,0.031129655342546175,3,0.7962682174766958,0.007907531434806775,1,2
0.9,0.07990393484463147,3,0.7957737119237523,0.04268453260346882,1,2
0.9,0.03458850593616242,3,0.7949916921123238,0.008011582885074281,1,2
1.0,0.020481234522000093,3,0.7944289554250633,0.013046256395425983,1,2
0.9,0.02275692724666677,3,0.7933847864227964,0.014273775015261315,1,2
0.5,0.06225931068509235,3,0.7919067865158437,0.02031900942393055,1,2
0.5,0.04096246904400019,3,0.7894997233973178,0.017152251462384416,1,2
0.5,0.09462861632728187,3,0.787150571566802,0.04542675187397277,1,2
0.9,0.014972538526697138,3,0.7845232679906872,0.0299818093511622,1,2
1.0,0.013475284674027425,3,0.7819959508580082,0.03212668906005406,1,2
0.5,0.02695056934805485,3,0.7819794419094565,0.02504881737706519,1,2
0.5,0.017731674997523136,3,0.7627334425700418,0.03330699045753781,1,2
0.9,0.009850930554179519,3,0.7575199397254769,0.045588336318096175,1,2
0.5,0.14382708272033665,3,0.7563461418637388,0.068795460315688,1,2
1.0,0.10930218852771403,3,0.6787271449103008,0.09777929118501719,1,2
0.9,0.12144687614190448,3,0.6722948174306995,0.08950720346974415,1,2
0.5,0.21860437705542807,3,0.6583901671678821,0.06873561406568632,1,2
1.0,0.00252502232001961,3,0.5420169349910419,0.07939042861684188,1,2
1.0,0.05235939833485473,3,0.7952180541165156,0.017167944006480605,1,3
1.0,0.03444898778758107,3,0.7930065262022968,0.01489812290967505,1,3
0.9,0.0581771092609497,3,0.7918048843668446,0.017223380572869335,1,3
0.9,0.0382766530973123,3,0.7917950690349924,0.016069574031748593,1,3
1.0,0.02266513362127239,3,0.7836443694216711,0.02881568093050097,1,3
0.9,0.025183481801413766,3,0.7817601945364882,0.03012569252888472,1,3
0.5,0.06889797557516214,3,0.7739038713055558,0.02184164603948531,1,3
0.5,0.04533026724254478,3,0.7722212931460657,0.027110447462962404,1,3
1.0,0.07958162982589309,3,0.7696300483576337,0.020537888761285858,1,3
1.0,0.014912144450738405,3,0.7662910206456174,0.028930127571010985,1,3
0.9,0.016569049389709337,3,0.7649143927818933,0.031067492028348714,1,3
0.5,0.10471879666970946,3,0.7633627292288843,0.023525550016084185,1,3
0.9,0.0884240331398812,3,0.7620865129263331,0.02022458389165385,1,3
0.5,0.02982428890147681,3,0.7605028657713402,0.02561587583430085,1,3
0.5,0.019622390570067556,3,0.7461553350699499,0.018743463372723406,1,3
0.9,0.010901328094481973,3,0.7444350409020779,0.01819157382264502,1,3
1.0,0.009811195285033778,3,0.7442500713749479,0.017747722684169787,1,3
0.5,0.0129102227032548,3,0.733283107896863,0.01693236662399008,1,3
0.5,0.15916325965178618,3,0.7197657692173136,0.013502569631342835,1,3
0.5,0.2419140023436653,3,0.6776755213767357,0.007540688769784756,1,3
1.0,0.12095700117183265,3,0.674344279973791,0.011076879158138719,1,3
0.9,0.13439666796870295,3,0.6743355384063255,0.01167980847590775,1,3
1.0,0.0018384388664181945,3,0.6274391048619639,0.0453610720862556,1,3
1.0,0.002794263608400442,3,0.6169347448812851,0.07465274913148548,1,3
1.0,0.05401407986117604,3,0.7831819482681744,0.032157918248899846,1,4
0.9,0.039486286377749945,3,0.7800912142429075,0.013654224080343188,1,4
1.0,0.03553765773997496,3,0.7797412047989501,0.014586986670673572,1,4
0.9,0.0600156442901956,3,0.7790052001474878,0.031715276649922415,1,4
0.9,0.025979339726265222,3,0.7769844612230145,0.013455330457841676,1,4
1.0,0.023381405753638704,3,0.7749008162317449,0.013093789220407041,1,4
0.5,0.04676281150727741,3,0.7745946380404667,0.00857040606981793,1,4
0.5,0.07107531547994991,3,0.7741467881984194,0.013139843451769335,1,4
0.5,0.03076680736903705,3,0.7659754483613289,0.010947234722193272,1,4
0.5,0.10802815972235208,3,0.7616471732161445,0.03802461356213216,1,4
1.0,0.08209659861650632,3,0.7605308048789615,0.04925323864870829,1,4
0.9,0.017092670760576138,3,0.7560913025398017,0.02147137104982859,1,4
1.0,0.015383403684518526,3,0.7541394592235467,0.024605924437821128,1,4
0.9,0.09121844290722925,3,0.7533946169120268,0.052054210258495236,1,4
0.5,0.020242504784728773,3,0.749831721222713,0.01742183382575901,1,4
0.9,0.011245835991515983,3,0.7382785569497541,0.030078136776661768,1,4
0.5,0.16419319723301265,3,0.7283806663019033,0.05081822874906535,1,4
0.5,0.013318216448162851,3,0.7277483103282685,0.018582927985831808,1,4
1.0,0.010121252392364386,3,0.7136821082364982,0.0693266899801271,1,4
0.5,0.2495590602199329,3,0.6950321211246759,0.043976661078611104,1,4
0.9,0.13864392234440717,3,0.686696219147055,0.03610145480347399,1,4
1.0,0.12477953010996645,3,0.6845287100455676,0.03572489040023043,1,4
1.0,0.0018965379073979732,3,0.6747058759051532,0.04880511280549804,1,4
1.0,0.18965379073979732,3,0.6605654445992659,0.05807386497809593,1,4
0.9,0.21072643415533035,3,0.6602384067446342,0.058149354428243,1,4
0.5,0.37930758147959465,3,0.6583579390805022,0.05868772617415601,1,4
1.0,0.006659108224081426,3,0.5984125230186707,0.03392289996315684,1,4
1.0,0.05111368472552181,3,0.797001841104206,0.028167820728342435,1,5
0.9,0.03736599046176982,3,0.7949025131317593,0.02542011706244946,1,5
1.0,0.03362939141559284,3,0.7946855752906185,0.028952618380143312,1,5
0.9,0.05679298302835756,3,0.7936126311257445,0.02196757415440941,1,5
0.9,0.024584326597036143,3,0.784179473441656,0.02378511298751997,1,5
1.0,0.02212589393733253,3,0.784043942374881,0.028021495447540568,1,5
0.5,0.06725878283118568,3,0.7798195408582961,0.010255178823729024,1,5
0.5,0.04425178787466506,3,0.7759632577361067,0.016320301369882197,1,5
1.0,0.07768825590488268,3,0.7693857685290116,0.014964034616414988,1,5
0.5,0.10222736945104362,3,0.7629385505395927,0.005736927556929257,1,5
1.0,0.014557360746620526,3,0.7609125454751888,0.021948405102524795,1,5
0.5,0.029114721493241052,3,0.7597429696401988,0.015236957850069715,1,5
0.9,0.016174845274022805,3,0.7594276020152853,0.018214719616710416,1,5
0.9,0.08632028433875852,3,0.7590888240052843,0.019121839968744545,1,5
0.5,0.019155542597055087,3,0.7404926518780984,0.023750275531381395,1,5
1.0,0.009577771298527544,3,0.7391515345440949,0.04178164432883372,1,5
0.9,0.010641968109475047,3,0.7382506007379043,0.039344438823547385,1,5
0.5,0.15537651180976536,3,0.7208119737162697,0.01611031520831829,1,5
0.5,0.012603067910945858,3,0.7177651301115596,0.03370084421803683,1,5
0.5,0.23615848233022976,3,0.6667123558744628,0.028591797603290538,1,5
0.9,0.13119915685012762,3,0.6574931435926076,0.040489815760544105,1,5
1.0,0.11807924116511488,3,0.6552372456770689,0.04103655289033159,1,5
1.0,0.006301533955472929,3,0.6441206753277212,0.07786695681279467,1,5
0.5,0.3589398946270608,3,0.6208635825135151,0.0385512939146705,1,5
0.9,0.1994110525705893,3,0.6208635825135151,0.0385512939146705,1,5
1.0,0.1794699473135304,3,0.6208635825135151,0.0385512939146705,1,5
1.0,0.002727783619788139,3,0.5324432972338273,0.12625638092963734,1,5
1.0,0.0017946994731353036,3,0.5304845218572442,0.06239771203521257,1,5
1.0,0.034211992562933106,3,0.796943854419561,0.025320681987516754,2,1
0.9,0.03801332506992568,3,0.7947349248544366,0.026391239884648247,2,1
1.0,0.05199918666630537,3,0.7917684011285203,0.03026515759589665,2,1
0.9,0.05777687407367264,3,0.7860930002186034,0.027335355055995263,2,1
1.0,0.02250920658889131,3,0.7848333959992067,0.022938272190540333,2,1
0.9,0.02501022954321257,3,0.783302843883952,0.024963809482155177,2,1
0.5,0.06842398512586621,3,0.7741475647211509,0.026604550603607873,2,1
0.5,0.04501841317778262,3,0.7727019592930134,0.030838201603772444,2,1
1.0,0.07903414011865595,3,0.7709700807957868,0.007251658588025837,2,1
1.0,0.014809554875512637,3,0.7705974041965565,0.02570552719715193,2,1
0.9,0.01645506097279182,3,0.77042926976653,0.024643833937128073,2,1
0.5,0.029619109751025274,3,0.7618603892203996,0.02977555973013719,2,1
0.9,0.08781571124295107,3,0.7580191334687044,0.00941394207243682,2,1
0.5,0.10399837333261074,3,0.7549420563537724,0.016761507955524568,2,1
0.5,0.019487396389978474,3,0.7409543403079306,0.02368755398383825,2,1
1.0,0.009743698194989237,3,0.7404470801442565,0.033514248032058436,2,1
0.9,0.01082633132776582,3,0.7391774903185423,0.0311568117358601,2,1
0.5,0.1580682802373119,3,0.7236257461760364,0.016714855935702544,2,1
0.5,0.012821405547038787,3,0.716236502798416,0.029515179054097732,2,1
0.5,0.24024973099600055,3,0.6783013948512728,0.02860451592213868,2,1
0.9,0.13347207277555587,3,0.6746678171467542,0.03251028597766188,2,1
1.0,0.12012486549800028,3,0.6733968600601559,0.032620877438648783,2,1
1.0,0.0018257911440864106,3,0.6331485821489582,0.05619834931175945,2,1
1.0,0.002775040195054252,3,0.5904776460990714,0.07577567865282486,2,1
1.0,0.04974982935506669,3,0.7976297986484499,0.03840068954197546,2,2
1.0,0.07561531701178306,3,0.7971107287237209,0.046558417709910115,2,2
0.9,0.05527758817229632,3,0.7967445004858847,0.04033293657964124,2,2
1.0,0.03273206565374276,3,0.7915549677376293,0.03326932534220013,2,2
0.9,0.036368961837491956,3,0.7915522070747745,0.03610440463657522,2,2
0.9,0.08401701890198118,3,0.7888508148600261,0.04656046384656179,2,2
0.5,0.06546413130748552,3,0.7877902077048108,0.04068479353791739,2,2
0.9,0.023928348339189113,3,0.7850201323380331,0.02912778517208105,2,2
1.0,0.0215355135052702,3,0.7843566722339784,0.03202629520724183,2,2
0.5,0.09949965871013337,3,0.7842963240229333,0.04876232599294177,2,2
0.5,0.0430710270105404,3,0.7822143636915575,0.029164944682291347,2,2
1.0,0.014168929845179028,3,0.7741486806000286,0.022386724642643446,2,2
0.9,0.015743255383532256,3,0.772381814493257,0.02181595726948272,2,2
0.5,0.028337859690358055,3,0.7697100893207658,0.020039645052252596,2,2
0.5,0.15123063402356612,3,0.759258099632954,0.04553939844699734,2,2
0.9,0.010358010781094993,3,0.7519424898483812,0.014794511482244069,2,2
0.5,0.018644419405970985,3,0.7478487747964487,0.02140934305860686,2,2
1.0,0.009322209702985492,3,0.7464109542322119,0.021984835868633222,2,2
0.5,0.012266782981638628,3,0.7281084627564413,0.014059483264731255,2,2
0.5,0.2298571167344172,3,0.6979934853411988,0.026646332725776604,2,2
0.9,0.12769839818578732,3,0.6977935085079939,0.029054436055831377,2,2
1.0,0.1149285583672086,3,0.6973340836234602,0.028248760028528514,2,2
1.0,0.006133391490819314,3,0.6110846792771091,0.03581656233495534,2,2
1.0,0.0026549987607182943,3,0.6105296755064439,0.017390474854945888,2,2
1.0,0.001746811896101234,3,0.6086637784324224,0.056943790901076506,2,2
1.0,0.03113007931020605,3,0.7727355121424077,0.03176154310853955,2,3
1.0,0.04731495255678599,3,0.7721226831294915,0.03404726897917508,2,3
1.0,0.020481513464409705,3,0.7712397942912291,0.022603934051525377,2,3
0.9,0.05257216950754,3,0.7696978477323069,0.03242541477725294,2,3
0.9,0.03458897701134006,3,0.7696473161475604,0.031086958888675225,2,3
0.9,0.022757237182677456,3,0.7686591017089324,0.024041376466103253,2,3
1.0,0.013475468199506475,3,0.7650017079758998,0.01797482720716219,2,3
0.9,0.014972742443896086,3,0.7628861939897513,0.02033000921758976,2,3
0.5,0.04096302692881941,3,0.7564427917623315,0.03282630966642958,2,3
0.5,0.0622601586204121,3,0.7528895766781747,0.02863391949605623,2,3
0.5,0.09462990511357199,3,0.751137030246916,0.03030489228791292,2,3
0.5,0.02695093639901295,3,0.7506184172624234,0.024792973243837408,2,3
1.0,0.07191452078045128,3,0.7429900086257538,0.042608368481612736,2,3
0.9,0.009851064718079786,3,0.7428158003433487,0.018530578997181364,2,3
0.5,0.017731916492543614,3,0.7379286760640683,0.026090201031088327,2,3
0.9,0.07990502308939032,3,0.7349859796859292,0.044397622483295325,2,3
0.5,0.14382904156090257,3,0.7120962624724055,0.040507210036353866,2,3
1.0,0.008865958246271807,3,0.7088905358892178,0.041794765562334045,2,3
0.5,0.21860735431891393,3,0.6765932019580023,0.029066410564054214,2,3
0.9,0.12144853017717441,3,0.6734420583481385,0.02911976170385286,2,3
1.0,0.10930367715945696,3,0.6721919854113763,0.03048790701779573,2,3
1.0,0.0016613187032216805,3,0.6640547718618146,0.09290639667168712,2,3
1.0,0.002525056709343628,3,0.6402579832227763,0.02093703171935982,2,3
0.5,0.33226374064433617,3,0.6281984723752824,0.0624167925652397,2,3
0.9,0.1845909670246312,3,0.624855947097435,0.06715482469765609,2,3
1.0,0.16613187032216808,3,0.6240203157779732,0.06836463484298072,2,3
1.0,0.003837861677616045,3,0.6221423759661945,0.01689764181305358,2,3
1.0,0.035738237286924976,3,0.820131007603831,0.009950025326492525,2,4
0.9,0.03970915254102775,3,0.8195687671198103,0.008446037939615,2,4
1.0,0.054318942937599056,3,0.8189883672831959,0.00234535236507617,2,4
1.0,0.023513373701763884,3,0.8180935149628215,0.007506624222945883,2,4
0.9,0.060354381041776727,3,0.8171705740523049,0.005330353272975987,2,4
0.9,0.026125970779737644,3,0.8164958272540862,0.006431225985189061,2,4
0.5,0.04702674740352777,3,0.8106520744473399,0.00909952409475191,2,4
1.0,0.015470229782179969,3,0.8105872223237206,0.003125295048364807,2,4
0.9,0.017189144202422183,3,0.8103708846386594,0.00185374152145078,2,4
0.5,0.07147647457384995,3,0.8102739713717876,0.006667280232615034,2,4
0.5,0.030940459564359937,3,0.8077838344063317,0.004594550680516629,2,4
1.0,0.08255996338514479,3,0.8045891921459706,0.01345662829786326,2,4
0.5,0.020356756333566425,3,0.7972664743038319,0.007119654777744274,2,4
0.9,0.09173329265016088,3,0.796685505113567,0.017685112438813634,2,4
0.9,0.011309309074203567,3,0.7957932117944705,0.007706608494834652,2,4
1.0,0.010178378166783212,3,0.7954084548354735,0.009212472025803315,2,4
0.5,0.10863788587519811,3,0.7935876577750154,0.01321931322223856,2,4
0.5,0.013393386338111728,3,0.7765278279060034,0.008921714777369163,2,4
0.5,0.16511992677028958,3,0.7632019091211726,0.021495433684212993,2,4
0.5,0.25096760671453994,3,0.7060541483949182,0.008135319385686934,2,4
0.9,0.13942644817474442,3,0.7025429557202472,0.01032055688214181,2,4
1.0,0.12548380335726997,3,0.7025283454425978,0.010085579254647925,2,4
0.9,0.21191580383755687,3,0.6631746868046274,0.03687609776860852,2,4
1.0,0.1907242234538012,3,0.6630866431349672,0.03676631184901141,2,4
0.5,0.3814484469076024,3,0.6628225121259868,0.036438798673319735,2,4
1.0,0.0019072422345380118,3,0.643385129702221,0.07572212258044866,2,4
1.0,0.0028988386101502428,3,0.6378718234309128,0.04828340356158004,2,4
1.0,0.006696693169055864,3,0.6350686007982116,0.08683977629449309,2,4
1.0,0.034131589381747554,3,0.7871936137764992,0.05454891162838697,2,5
1.0,0.051876980980116776,3,0.7867680304093477,0.0591957660024427,2,5
0.9,0.03792398820194172,3,0.7854047820850902,0.052010308919649216,2,5
0.9,0.057641089977907525,3,0.7830742555089504,0.05275150056126634,2,5
1.0,0.022456306664621176,3,0.7829018048099989,0.05360532395247655,2,5
0.9,0.02495145184957908,3,0.7800795531246775,0.05187772639484234,2,5
1.0,0.014774750257753445,3,0.7768690558289135,0.05792225391108974,2,5
0.9,0.0164163891752816,3,0.7761340057597338,0.05595891657091281,2,5
0.5,0.06826317876349511,3,0.7716182799994677,0.032163230202289395,2,5
0.5,0.04491261332924235,3,0.7681252838870375,0.03396763419997591,2,5
0.9,0.010800887867326617,3,0.7637833951202534,0.06420189436476947,2,5
0.5,0.02954950051550689,3,0.7624336756111321,0.039604978079754334,2,5
1.0,0.07884839834181803,3,0.7589011011264287,0.04309475446406039,2,5
0.5,0.019441598161187915,3,0.7568110984010515,0.05163902361983917,2,5
0.5,0.10375396196023355,3,0.7543135624970666,0.022957686604681952,2,5
0.9,0.08760933149090892,3,0.7510215720069843,0.03620472815759417,2,5
1.0,0.009720799080593957,3,0.74713615870824,0.08685336569298871,2,5
0.5,0.01279127337068701,3,0.7459841088920675,0.06087338155449402,2,5
0.5,0.15769679668363606,3,0.7179040474653172,0.0102660438166027,2,5
1.0,0.0027685184451389355,3,0.696421245209487,0.03179878434308724,2,5
0.5,0.23968510902563392,3,0.6866575930474309,0.014172834773744017,2,5
0.9,0.13315839390312995,3,0.6846186206628427,0.01779706444277923,2,5
1.0,0.11984255451281696,3,0.6844383701937148,0.016912801238755784,2,5
1.0,0.001821500268134216,3,0.6798782110284773,0.05349543812274124,2,5
0.5,0.062392826732772314,3,0.7849125025030839,0.011189194245424843,3,1
0.9,0.03466268151820684,3,0.7836915249680302,0.012708710295552315,3,1
0.9,0.0526841938043904,3,0.7831351574599147,0.011773617648898636,3,1
1.0,0.031196413366386157,3,0.7821558623247006,0.01794823762868078,3,1
1.0,0.04741577442395136,3,0.781688029553973,0.016546415452552653,3,1
0.5,0.09483154884790272,3,0.7785066426547841,0.017839999838804212,3,1
0.5,0.0410503136877938,3,0.7784418694939786,0.003402187274294556,3,1
0.9,0.022805729826552112,3,0.774032798692534,0.01835287607564661,3,1
1.0,0.0205251568438969,3,0.7723244441043716,0.021474071360893656,3,1
0.5,0.027008365257814877,3,0.7628065330559567,0.011522753132125155,3,1
0.9,0.01500464736545271,3,0.7625818194949314,0.02317982761909311,3,1
1.0,0.07206776105375994,3,0.7611769124087813,0.01794918601448575,3,1
1.0,0.013504182628907438,3,0.7610335655427306,0.02802450023352164,3,1
0.9,0.08007529005973325,3,0.755627381067632,0.026255825409994167,3,1
0.9,0.009872056026001982,3,0.7469393473379542,0.023372083649769466,3,1
0.5,0.017769700846803568,3,0.7465051598092666,0.018128863119764013,3,1
0.5,0.14413552210751987,3,0.7409473473506362,0.04020126667653403,3,1
0.5,0.011691276579337788,3,0.7295682086938108,0.012285827147865563,3,1
1.0,0.008884850423401784,3,0.7277389785218583,0.04058287530130119,3,1
0.5,0.21907317749842703,3,0.6899663238846511,0.05555233731173482,3,1
0.9,0.12170732083245946,3,0.6865165803248555,0.05776413783234103,3,1
1.0,0.10953658874921351,3,0.6857910511794825,0.05606552980174675,3,1
1.0,0.005845638289668894,3,0.6196473466966018,0.07272518919353785,3,1
1.0,0.0025304372691535297,3,0.6078347236475334,0.05032141619307698,3,1
1.0,0.0016648587522878722,3,0.579890918766287,0.04422569360037039,3,1
1.0,0.035054352464333076,3,0.7865232900400742,0.056545367254763876,3,2
0.9,0.038949280515925645,3,0.7848798187802394,0.05584024567102075,3,2
1.0,0.05327949881627833,3,0.7833436596999995,0.054788916275596386,3,2
0.9,0.05919944312919815,3,0.7791578409616449,0.057595232302701485,3,2
1.0,0.023063423155141625,3,0.7748223882613687,0.056507732960134525,3,2
0.9,0.025626025727935143,3,0.7740573203469429,0.05785372241840692,3,2
0.5,0.04612684631028325,3,0.7665033211338764,0.06732383526971181,3,2
0.5,0.07010870492866615,3,0.7653603300870974,0.058831570481628646,3,2
0.9,0.01686021374233817,3,0.75960477157854,0.046591744590533724,3,2
1.0,0.08098010074503915,3,0.7578676561075414,0.06034925111848175,3,2
1.0,0.01517419236810435,3,0.757828612317935,0.04751896616760555,3,2
0.5,0.0303483847362087,3,0.7569532274111012,0.05185182958739443,3,2
1.0,0.009983605316321153,3,0.7538759130825708,0.033055681930909485,3,2
0.9,0.08997788971671017,3,0.7507193659461647,0.056289370273443565,3,2
0.5,0.10655899763255666,3,0.7498453607307974,0.06438754798546602,3,2
0.9,0.011092894795912394,3,0.7425591409707198,0.03513874128064757,3,2
0.5,0.019967210632642306,3,0.7369186465370482,0.02663529524884851,3,2
0.5,0.1619602014900783,3,0.7230379854481065,0.06056285495451368,3,2
0.5,0.01313709127895123,3,0.7164673024627914,0.012652291547838434,3,2
0.5,0.24616510524206026,3,0.6922153686833769,0.04224150509129613,3,2
0.9,0.1367583918011446,3,0.6874524789925381,0.03135220500973363,3,2
1.0,0.12308255262103013,3,0.6853042020049469,0.027719344159511387,3,2
1.0,0.0028433666037189,3,0.6086848544584792,0.011784145834136542,3,2
1.0,0.006568545639475615,3,0.6006159431904264,0.10191690565354214,3,2
1.0,0.001870745358468413,3,0.5757637058699827,0.07782016307460414,3,2
1.0,0.034583184110214826,3,0.8164283854505024,0.03188057089247459,3,3
0.9,0.03842576012246091,3,0.8154610116085982,0.03453248040379192,3,3
1.0,0.022753425840560008,3,0.8130693090158941,0.01269936426988347,3,3
0.9,0.02528158426728889,3,0.8130455777047793,0.015768517718231175,3,3
1.0,0.052563364812917304,3,0.8122158157448184,0.03073053147043617,3,3
0.5,0.06916636822042965,3,0.8099584249848543,0.03381124841905483,3,3
0.9,0.05840373868101922,3,0.8087789181035808,0.03375315608783424,3,3
0.5,0.045506851681120015,3,0.8050966049915834,0.01925247066272957,3,3
1.0,0.01497023483528648,3,0.7987941521701433,0.01669153249953995,3,3
0.9,0.016633594261429418,3,0.7973334965524422,0.01710086552793136,3,3
0.5,0.02994046967057296,3,0.7932117733119264,0.0190741272382275,3,3
1.0,0.07989164073645127,3,0.7929893588274447,0.05213965127956878,3,3
0.9,0.08876848970716807,3,0.7865518587531385,0.051488756600683604,3,3
0.5,0.10512672962583461,3,0.7854649247909785,0.0351122904740341,3,3
0.5,0.01969882975812218,3,0.7794471712735728,0.020105220646447618,3,3
0.5,0.012960514584741786,3,0.762866115662054,0.019892342313855654,3,3
0.5,0.15978328147290255,3,0.7500529646857369,0.04170205171893498,3,3
1.0,0.00984941487906109,3,0.7206157164885778,0.12142906768131669,3,3
0.5,0.24285638038125273,3,0.7003466580250556,0.04744014448747167,3,3
0.9,0.13492021132291818,3,0.696926439814185,0.049589129886617574,3,3
1.0,0.12142819019062637,3,0.6965189729051184,0.049939136289215855,3,3
1.0,0.004263576576980302,3,0.6515848711341825,0.07474941324919528,3,3
1.0,0.0018456005205364971,3,0.634017982295907,0.09221716887191403,3,3
1.0,0.0028051486858671256,3,0.62607426367546,0.06880094835209412,3,3
1.0,0.034335973804271475,3,0.7892076561845681,0.017243355789297764,3,4
1.0,0.05218762712909382,3,0.7888938352875668,0.017156090789080588,3,4
0.9,0.03815108200474608,3,0.7875842726555566,0.016552346404804488,3,4
0.9,0.0579862523656598,3,0.7853235877657649,0.0172518998826895,3,4
0.9,0.0251008644075579,3,0.7771582162690954,0.034895289132943,3,4
1.0,0.022590777966802113,3,0.7769332132378938,0.04020492087843164,3,4
0.5,0.06867194760854295,3,0.7744934550246114,0.014297956494900468,3,4
0.5,0.04518155593360423,3,0.7707293522959185,0.024325502149827025,3,4
1.0,0.014863223395221252,3,0.769003975363464,0.05110266700774007,3,4
0.5,0.10437525425818764,3,0.7683730651573321,0.020571749823907845,3,4
0.9,0.016514692661356946,3,0.7679713139443421,0.052244012448557114,3,4
1.0,0.0793205528665249,3,0.7666836813547483,0.018170341733684075,3,4
0.5,0.029726446790442503,3,0.763770732526779,0.0490107798636171,3,4
0.9,0.0881339476294721,3,0.7603841114987993,0.020844852267800546,3,4
0.5,0.01955801699444745,3,0.7508756884839305,0.052967525045099786,3,4
0.5,0.012867869189064325,3,0.7386587595610209,0.05169121212478305,3,4
0.5,0.1586411057330498,3,0.734416315244702,0.020945264432252184,3,4
1.0,0.009779008497223724,3,0.7203714301234183,0.09839275780406356,3,4
0.5,0.24112037481557055,3,0.6764051362244882,0.03585651480649802,3,4
0.9,0.1339557637864281,3,0.6732052182643392,0.03640338517432879,3,4
1.0,0.12056018740778528,3,0.6730461613781116,0.036296660119840764,3,4
1.0,0.0018324076500397556,3,0.598133574288381,0.06693993824860874,3,4
1.0,0.0027850966957831654,3,0.5852431152562155,0.055346479248886346,3,4
1.0,0.0352774592080414,3,0.8216865945331379,0.03309826990779001,3,5
0.9,0.039197176897823774,3,0.8207110789732424,0.03489156277523566,3,5
1.0,0.02321021249447249,3,0.8206440886093667,0.026419755505142164,3,5
0.9,0.025789124993858322,3,0.819356974884084,0.028021405608113118,3,5
1.0,0.05361860122872215,3,0.8120945993772248,0.03151552745651821,3,5
0.9,0.016967522168306288,3,0.8098483178960049,0.02556206138873787,3,5
1.0,0.01527076995147566,3,0.8098171725108774,0.02493398023721697,3,5
0.9,0.05957622358746905,3,0.809752526778747,0.036294423404165554,3,5
0.5,0.04642042498894498,3,0.8060108453421048,0.04079537187254002,3,5
0.5,0.03054153990295132,3,0.8032363695133723,0.02975344066666565,3,5
0.5,0.0705549184160828,3,0.802183170674495,0.0530099928885598,3,5
1.0,0.08149550625996858,3,0.7973661038738133,0.043829801787154794,3,5
0.9,0.011163496574642526,3,0.7910278444101917,0.030149637512667513,3,5
1.0,0.010047146917178274,3,0.7907961941959315,0.02853518116276915,3,5
0.9,0.0905505625110762,3,0.7898571944138469,0.05452384480022691,3,5
0.5,0.02009429383435655,3,0.7884127058654631,0.03019808782720118,3,5
0.5,0.1072372024574443,3,0.7765179491340755,0.05575283894144119,3,5
0.5,0.01322070353965489,3,0.7633577053974511,0.04211015118354819,3,5
0.5,0.16299101251993717,3,0.7451242282149072,0.06766502465088217,3,5
0.9,0.13762880352820714,3,0.6861239984974382,0.057658203460805364,3,5
0.5,0.24773184635077286,3,0.6861117698217246,0.059243279164641956,3,5
1.0,0.12386592317538643,3,0.6854432930156547,0.05807673893577031,3,5
1.0,0.0028614634795567913,3,0.6206403973682831,0.07209610912448196,3,5
1.0,0.0018826518943446645,3,0.5996629490543004,0.051725994284092795,3,5
1.0,0.006610351769827445,3,0.5933695060013798,0.18659426573753096,3,5
1.0,0.03418719042423153,3,0.8176091660476587,0.030003125205690064,4,1
0.9,0.03798576713803503,3,0.816304085403663,0.02782038853093686,4,1
1.0,0.05196148962081191,3,0.8112866463025967,0.030129812164075048,4,1
0.9,0.05773498846756879,3,0.8066665715441016,0.03166898879887804,4,1
1.0,0.022492888437796982,3,0.8055807900181144,0.03782625673058386,4,1
0.9,0.024992098264218866,3,0.8038464058498577,0.03574141095174993,4,1
0.5,0.06837438084846306,3,0.7999092371573209,0.03345884944360869,4,1
0.5,0.044985776875593964,3,0.7993335077277094,0.033673167027742354,4,1
1.0,0.014798818621742696,3,0.79536960534115,0.03090711594404222,4,1
0.9,0.016443131801936326,3,0.7929020088750555,0.030543112768267707,4,1
1.0,0.009736634456925637,3,0.791141907349171,0.018027098768185888,4,1
0.5,0.02959763724348539,3,0.7904481334763135,0.02728968009569402,4,1
0.5,0.10392297924162382,3,0.7796178536316246,0.04072737448880362,4,1
1.0,0.07897684396141585,3,0.7768895686956044,0.033273344329815456,4,1
0.9,0.010818482729917374,3,0.7722086797430152,0.017672023987618034,4,1
0.5,0.019473268913851274,3,0.7687084989924565,0.020689195805291712,4,1
0.9,0.08775204884601762,3,0.7686320325769446,0.03409163808166053,4,1
0.5,0.012812110611114145,3,0.7527000228448735,0.0209798047103259,4,1
0.5,0.1579536879228317,3,0.7388090716077015,0.041928856277730506,4,1
1.0,0.006406055305557073,3,0.7090391627098777,0.060388232833846985,4,1
0.5,0.24007556086720086,3,0.6790900807779608,0.03948727032426119,4,1
0.9,0.13337531159288937,3,0.6694240712484043,0.02657656845606944,4,1
1.0,0.12003778043360043,3,0.6668083243750296,0.024467412348064328,4,1
1.0,0.0018244675285410009,3,0.6495948630284265,0.01708565803893844,4,1
1.0,0.1824467528541001,3,0.637756351874804,0.015394865174256195,4,1
0.5,0.3648935057082002,3,0.6368883733806777,0.014508994848054969,4,1
0.9,0.20271861428233345,3,0.6365958974109956,0.014433503332749058,4,1
1.0,0.002773028417117215,3,0.6209756095638284,0.00554429951830818,4,1
1.0,0.03135011033563259,3,0.79369279348608,0.018205683500218367,4,2
0.9,0.03483345592848065,3,0.7913462014734901,0.017858991555077378,4,2
1.0,0.0206262791864933,3,0.7877355920564298,0.01863512418103229,4,2
0.5,0.0412525583729866,3,0.7857187210701971,0.012218087814247984,4,2
0.9,0.022918087984992553,3,0.7851464665039876,0.019791456936693166,4,2
1.0,0.04764938015092529,3,0.7828340840669773,0.0071876501692363206,4,2
0.5,0.06270022067126518,3,0.780849135372459,0.015032115214016364,4,2
0.9,0.05294375572325032,3,0.7788976669351504,0.008882283579134955,4,2
0.9,0.015078571530952016,3,0.7758259732000603,0.016347907212528563,4,2
0.5,0.02714142875571363,3,0.7752929975292292,0.010037144920841404,4,2
1.0,0.013570714377856815,3,0.7737730367931404,0.01942343172274246,4,2
0.5,0.09529876030185058,3,0.76107616527734,0.02517997692461331,4,2
0.5,0.01785724774306031,3,0.7600976486017488,0.005373948872929425,4,2
1.0,0.07242282098722888,3,0.7536210733660503,0.029408607570889825,4,2
0.9,0.009920693190589061,3,0.7519020908948568,0.006372597163149116,4,2
0.9,0.08046980109692098,3,0.7471628332980189,0.03484788475783315,4,2
0.5,0.011748876591100748,3,0.7441191077843019,0.0007228425549864173,4,2
0.5,0.14484564197445776,3,0.7180733374245852,0.03973502531935034,4,2
0.5,0.220152496554411,3,0.6660179306876598,0.028268591438474388,4,2
0.9,0.12230694253022834,3,0.661768914011457,0.0314785035616158,4,2
1.0,0.1100762482772055,3,0.6612843043885254,0.032293263539137376,4,2
1.0,0.001673061097264034,3,0.5940588021353955,0.04644783487336635,4,2
1.0,0.003864988130843365,3,0.5803174338344327,0.01571376813295445,4,2
1.0,0.0025429041041890015,3,0.5784261125876162,0.048690138511428664,4,2
1.0,0.032972285623738475,3,0.7995591819884735,0.016737732244124018,4,3
0.9,0.03663587291526497,3,0.7977885430000183,0.017853707702146487,4,3
1.0,0.050114942349809795,3,0.7926547368370351,0.013654919827648646,4,3
0.9,0.055683269277566436,3,0.7905964613982287,0.010781034282722186,4,3
1.0,0.021693562204756624,3,0.7896433968036222,0.013186152189557238,4,3
0.9,0.024103958005285135,3,0.7895959624656227,0.012981779794017762,4,3
0.5,0.06594457124747695,3,0.7863425118735213,0.026053495211995625,4,3
0.5,0.04338712440951325,3,0.7852681007611845,0.021667269948050325,4,3
0.5,0.02854583067137013,3,0.7747627772459756,0.018573318692080804,4,3
1.0,0.014272915335685065,3,0.7730594707298793,0.007891338139694387,4,3
0.9,0.01585879481742785,3,0.7725128539129319,0.00977111974434051,4,3
1.0,0.07617025629902324,3,0.7698165205195685,0.013437936859384665,4,3
0.9,0.08463361811002583,3,0.763077012314767,0.01610783140292426,4,3
0.5,0.10022988469961959,3,0.7611887379157339,0.024367971679476054,4,3
0.5,0.01878125042414346,3,0.7585936114162609,0.0062586270585673915,4,3
0.9,0.010434028013413033,3,0.7520208807985168,0.012104469440070454,4,3
1.0,0.00939062521207173,3,0.7511828818301506,0.013795328944383668,4,3
0.5,0.15234051259804648,3,0.723094783820672,0.0216784090760155,4,3
1.0,0.11577201674025095,3,0.6600255872248427,0.020684913801673675,4,3
0.9,0.12863557415583438,3,0.6551913407818043,0.015579793906302996,4,3
1.0,0.0017596317133931995,3,0.6536201749831881,0.09471852558939732,4,3
1.0,0.002674483743101784,3,0.6532193295081247,0.06466497917832367,4,3
0.5,0.2315440334805019,3,0.6505882147653238,0.018582821403507373,4,3
1.0,0.006178404327329011,3,0.6338664545112417,0.08779213277642259,4,3
1.0,0.17596317133932,3,0.6167207128691781,0.02789067715664301,4,3
0.9,0.19551463482146664,3,0.6165357332169398,0.027744900938223915,4,3
0.5,0.35192634267864,3,0.6146412706528491,0.026077169087027233,4,3
1.0,0.014916240264734662,3,0.7882197797578034,0.053007386555683114,4,4
1.0,0.022671358894359016,3,0.7863486531529383,0.04606956024106553,4,4
0.9,0.01657360029414963,3,0.7846227924658784,0.053724636336698856,4,4
1.0,0.009813890057143932,3,0.7830954559691086,0.0569030085697524,4,4
0.9,0.025190398771510022,3,0.7830764766600528,0.048484536537553816,4,4
0.9,0.010904322285715484,3,0.7822519239375133,0.05779901947727707,4,4
1.0,0.03445844964913984,3,0.7813757950059136,0.05351794812104371,4,4
0.9,0.03828716627682205,3,0.778394727933542,0.04897654788319489,4,4
0.5,0.04534271778871803,3,0.7780707014387517,0.047410330384788736,4,4
0.5,0.029832480529469324,3,0.7743896452102987,0.04825002662386864,4,4
0.5,0.019627780114287865,3,0.7720140781355115,0.05381988201914168,4,4
1.0,0.05237377952310328,3,0.7698641087200472,0.03912747861166406,4,4
0.9,0.05819308835900364,3,0.7679107266639366,0.031783278069962874,4,4
0.5,0.06891689929827968,3,0.767153289028273,0.033200599842060675,4,4
0.5,0.012913768663463103,3,0.7661601532870228,0.04299909820834306,4,4
0.5,0.10474755904620656,3,0.7483538710187566,0.01421083547670483,4,4
1.0,0.0796034879532981,3,0.7334803617724296,0.022400762074764862,4,4
0.9,0.08844831994810899,3,0.7284052820788944,0.02508679828781879,4,4
0.5,0.1592069759065962,3,0.706888209129941,0.018075174051432583,4,4
1.0,0.0064568843317315515,3,0.671011016121291,0.01776439084352099,4,4
0.5,0.24198044716385625,3,0.65524316597853,0.009242967052718386,4,4
0.9,0.1344335817576979,3,0.6541570785991411,0.012788519508060186,4,4
1.0,0.12099022358192812,3,0.6537385050069594,0.014253924449731635,4,4
1.0,0.0027950310891631394,3,0.6441944508502636,0.0006831826907593284,4,4
1.0,0.0018389438175112588,3,0.6402831809926246,0.0634273498384912,4,4
0.5,0.3677887635022519,3,0.6195708311378082,0.04738001688224587,4,4
1.0,0.18389438175112596,3,0.6174094774324209,0.06706204661724921,4,4
0.9,0.2043270908345844,3,0.6169470982815172,0.06649983401937845,4,4
0.9,0.03978981657484609,3,0.7767497690253772,0.020258756855853103,4,5
1.0,0.03581083491736148,3,0.7766542706968359,0.017717845672937424,4,5
1.0,0.05442928488069562,3,0.776251430516993,0.020034337566342732,4,5
0.9,0.06047698320077292,3,0.7727336737371804,0.023097222868456786,4,5
0.9,0.026179042327621638,3,0.7702284322237601,0.021191395740598182,4,5
1.0,0.02356113809485947,3,0.7701174612859001,0.018829234306962324,4,5
0.5,0.04712227618971894,3,0.7697070631479739,0.024935998057303982,4,5
0.5,0.07162166983472296,3,0.7695811307814501,0.028677560336233938,4,5
0.5,0.10885856976139124,3,0.7560990052497227,0.03199093684104782,4,5
1.0,0.015501655563353159,3,0.7508042109389823,0.029347978297088316,4,5
0.9,0.01722406173705907,3,0.7499619677417474,0.028862328410787355,4,5
0.5,0.031003311126706318,3,0.7491668891614763,0.023084701024367497,4,5
1.0,0.08272767332737183,3,0.7417749365486127,0.05203961139819142,4,5
0.9,0.09191963703041314,3,0.7387936236038503,0.0512274405573719,4,5
0.9,0.011332282480364305,3,0.7259551389360449,0.01781174613118015,4,5
1.0,0.010199054232327873,3,0.7236231566478141,0.01873123436012577,4,5
0.5,0.16545534665474365,3,0.7225325715097686,0.035996394025115085,4,5
0.5,0.020398108464655746,3,0.7223866780456794,0.018832617660680423,4,5
0.9,0.13970967506353582,3,0.7048653455375025,0.01935429275245686,4,5
1.0,0.12573870755718225,3,0.7037324833137483,0.020331498262725903,4,5
0.5,0.2514774151143645,3,0.7024180571177135,0.025053579423679348,4,5
0.5,0.013420593279065788,3,0.7008867143633649,0.008971054713356212,4,5
1.0,0.0019111165517233905,3,0.5908052803503855,0.08167408073427082,4,5
1.0,0.002904727227779175,3,0.5847845480726809,0.025990476511057337,4,5
1.0,0.006710296639532894,3,0.5629611120157876,0.007777305848407023,4,5
1.0,0.034161572320968565,3,0.7919995452322057,0.03539282352893635,5,1
1.0,0.022476033436507566,3,0.7918414570680635,0.02375901823606507,5,1
0.9,0.03795730257885396,3,0.7916646129071632,0.03481051678651571,5,1
0.9,0.02497337048500841,3,0.7904772423865868,0.023667212644227553,5,1
1.0,0.0519225523817383,3,0.7864268233953903,0.03593452618827205,5,1
0.5,0.04495206687301513,3,0.7856764559446331,0.017948471593713402,5,1
0.5,0.06832314464193713,3,0.7839090611056626,0.032262067151398406,5,1
0.9,0.05769172486859812,3,0.783006492539176,0.03543655556943194,5,1
0.9,0.016430810173769714,3,0.780879053430921,0.017551557748149094,5,1
0.5,0.029575458312785484,3,0.7796512678599821,0.013818423684575011,5,1
1.0,0.014787729156392742,3,0.77935543740562,0.016391936583339567,5,1
0.5,0.01945867665845643,3,0.7635624168507942,0.019955543209376467,5,1
0.5,0.1038451047634766,3,0.7630239811531617,0.03257429398529178,5,1
0.9,0.010810375921364683,3,0.7622761775999266,0.030281970390652488,5,1
1.0,0.009729338329228215,3,0.7621649368575318,0.03195162006788065,5,1
1.0,0.07891766282020829,3,0.7611016455824937,0.023043048803438503,5,1
0.9,0.08768629202245366,3,0.7508236343833419,0.02326179611067964,5,1
0.5,0.012802509881467188,3,0.746547786861545,0.037194366825561695,5,1
0.5,0.15783532564041658,3,0.725074017296022,0.022089888258780672,5,1
0.5,0.23989566072235452,3,0.6907030867446071,0.02475453006505881,5,1
1.0,0.11994783036117726,3,0.6871292293154135,0.024117838543295484,5,1
0.9,0.13327536706797474,3,0.6863558978164149,0.024356565315248574,5,1
1.0,0.006401254940733594,3,0.5836569313777095,0.07255769904150275,5,1
1.0,0.004211598305012043,3,0.5574557686227078,0.04369537415881691,5,1
1.0,0.03435960068706986,3,0.7820309766477059,0.03445828682537146,5,2
0.9,0.03817733409674429,3,0.7806075751478567,0.03421756148839398,5,2
1.0,0.05222353789011472,3,0.7764208942482972,0.03535679212047329,5,2
0.9,0.05802615321123858,3,0.7713896837265146,0.034187376149451144,5,2
1.0,0.022606322877990262,3,0.765581430750036,0.01616193071143754,5,2
0.9,0.025118136531100295,3,0.7652550351524429,0.016006809909494865,5,2
0.5,0.06871920137413973,3,0.7622809091619039,0.02764732170958062,5,2
0.5,0.045212645755980524,3,0.7570357818306163,0.01750047869912408,5,2
0.5,0.10444707578022944,3,0.7481558631777444,0.024411621781378973,5,2
0.5,0.029746901817532572,3,0.7428648586841509,0.01870815691451615,5,2
0.9,0.016526056565295877,3,0.7423484817873693,0.01356285209664812,5,2
1.0,0.014873450908766286,3,0.7416734532553938,0.014013801968613782,5,2
1.0,0.07937513403019783,3,0.7348895532104579,0.029251429135110994,5,2
0.9,0.08819459336688648,3,0.7289963936024867,0.025026385483526436,5,2
0.5,0.019571475036381274,3,0.7218373453528916,0.028025903442787794,5,2
0.9,0.010873041686878488,3,0.7176537831329869,0.028049881042022346,5,2
1.0,0.009785737518190637,3,0.717036647979454,0.025155043825776865,5,2
0.5,0.15875026806039566,3,0.7093629040256539,0.015633143000378182,5,2
0.5,0.2412862918467445,3,0.6592594062493435,0.022286205610848295,5,2
0.9,0.13404793991485806,3,0.6451210304483987,0.027239805377289556,5,2
1.0,0.12064314592337225,3,0.6429594351447655,0.028866027264433054,5,2
1.0,0.001833668545712415,3,0.631740026062693,0.012486072001304931,5,2
1.0,0.002787013145090488,3,0.5704162880453071,0.03991563834634091,5,2
1.0,0.006438361840995712,3,0.5656522242190783,0.0881066553589716,5,2
1.0,0.033901948884568225,3,0.7789123070994192,0.012026259944106506,5,3
0.9,0.03766883209396469,3,0.7771418545732663,0.013849849267787291,5,3
1.0,0.051527947843359095,3,0.773172881702644,0.014223851303017157,5,3
1.0,0.022305218551800014,3,0.7689556610214856,0.017252379703086834,5,3
0.9,0.057253275381510094,3,0.7667614321082027,0.016321054081010637,5,3
0.9,0.024783576168666676,3,0.765412244480487,0.01910202501775741,5,3
0.5,0.06780389776913645,3,0.7630234189619762,0.023949227595437588,5,3
0.9,0.01630593818719732,3,0.7595679438216888,0.012841851471318246,5,3
1.0,0.014675344368477592,3,0.7594885019849302,0.015609256345836929,5,3
0.5,0.04461043710360003,3,0.7576047196584897,0.026193706024839912,5,3
1.0,0.0783178990089422,3,0.7534630573260529,0.0348238402585495,5,3
0.5,0.029350688736955184,3,0.7476652386587435,0.02604304588446718,5,3
0.9,0.08701988778771355,3,0.7433595500439285,0.03801950269375543,5,3
0.5,0.10305589568671819,3,0.7422513976754802,0.027755528909749163,5,3
1.0,0.009655396643312743,3,0.7341660191714113,0.027182118513590883,5,3
0.9,0.01072821849256971,3,0.7320900257391258,0.030558804180547818,5,3
0.5,0.019310793286625487,3,0.7244950791334027,0.03365718774531085,5,3
0.5,0.1566357980178844,3,0.717615720326671,0.036992998736454036,5,3
0.5,0.23807248539455966,3,0.6840161414796068,0.04382586183502636,5,3
0.9,0.13226249188586647,3,0.6772588599926991,0.043480821173530915,5,3
1.0,0.11903624269727983,3,0.6769246500259238,0.04330005858702861,5,3
0.5,0.3618490090973417,3,0.6581824598859572,0.03431117704009108,5,3
0.9,0.20102722727630093,3,0.6572864025382871,0.03556023095835397,5,3
1.0,0.18092450454867084,3,0.65719679680352,0.03568644426948669,5,3
1.0,0.004179590714307153,3,0.638633679679546,0.03334354884760242,5,3
1.0,0.002749891596412933,3,0.6286163979548336,0.07644111399909963,5,3
1.0,0.0018092450454867085,3,0.608178079301394,0.009610559210115362,5,3
1.0,0.006352606248882611,3,0.5651898091946259,0.12400495734642712,5,3
1.0,0.03557984813055488,3,0.7834212853788288,0.003574475022569398,5,4
0.9,0.03953316458950542,3,0.7816268181510891,0.0026382680826245583,5,4
0.9,0.02601018245929168,3,0.7802971556913456,0.010386395323796486,5,4
1.0,0.02340916421336251,3,0.7800998428769356,0.009158173828209938,5,4
1.0,0.05407820550341257,3,0.7767857799086114,0.0026325619588233747,5,4
0.9,0.06008689500379175,3,0.7762410236932754,0.004486692927224478,5,4
1.0,0.015401666897436137,3,0.7754028987059872,0.008132461582292508,5,4
0.9,0.017112963219373487,3,0.7744700143824792,0.008285623037824503,5,4
0.5,0.04681832842672502,3,0.7725688166056798,0.019853888169507696,5,4
0.9,0.011259187074368755,3,0.7715151836050956,0.010822758737509304,5,4
0.5,0.030803333794872274,3,0.7713370229510622,0.02014463385161581,5,4
1.0,0.010133268366931878,3,0.7711130302283121,0.01213415902534425,5,4
0.5,0.07115969626110975,3,0.7673395198865879,0.009742259312811249,5,4
0.5,0.020266536733863756,3,0.7643659263714094,0.01468249935488391,5,4
1.0,0.0821940638908431,3,0.7627941511378716,0.018532034663012526,5,4
0.5,0.013334027865952038,3,0.754605646102477,0.017368688748499034,5,4
0.9,0.09132673765649235,3,0.7531120746529162,0.027522892433607022,5,4
0.5,0.10815641100682515,3,0.7487179782995129,0.020649893589099067,5,4
0.5,0.1643881277816862,3,0.7142048887409964,0.04355224911918177,5,4
1.0,0.002885991177350787,3,0.6916645629594051,0.0376342389831846,5,4
1.0,0.006667013932976019,3,0.6734335831834365,0.15319495410129005,5,4
1.0,0.0018987894816476945,3,0.6663790011930112,0.12057853559574923,5,4
0.5,0.24985533732126794,3,0.6611091480427551,0.058520272102505565,5,4
1.0,0.12492766866063397,3,0.6545270811128922,0.06026771562465431,5,4
0.9,0.13880852073403777,3,0.6530712321750569,0.06086155160678224,5,4
1.0,0.03326333493797818,3,0.808356277747715,0.03000638125089821,5,5
1.0,0.021885053218608726,3,0.8080719376610509,0.03039381105179685,5,5
1.0,0.05055731142820857,3,0.8076713217801954,0.03691596867525547,5,5
0.9,0.02431672579845414,3,0.8075183209705915,0.030897410157242407,5,5
0.9,0.036959261042197974,3,0.807294481808423,0.03156269795585786,5,5
0.9,0.056174790475787294,3,0.8055036444738529,0.03685236084721877,5,5
0.5,0.04377010643721745,3,0.8039873651393878,0.03513314494340556,5,5
0.5,0.06652666987595636,3,0.8025470682028265,0.036781206350354596,5,5
0.5,0.028797807271843452,3,0.7967893368183177,0.030375434840923456,5,5
1.0,0.07684261796403723,3,0.7945438964178559,0.037778332295787365,5,5
0.9,0.015998781817690808,3,0.7936986292289149,0.03384162028529744,5,5
1.0,0.014398903635921726,3,0.792380667811824,0.03172779091384925,5,5
0.9,0.08538068662670802,3,0.7891748514676905,0.037565112307061936,5,5
0.5,0.018947034201431123,3,0.7884680776101307,0.03542463269226687,5,5
0.5,0.10111462285641715,3,0.7867263601066107,0.03991754167869241,5,5
0.5,0.012465883309844807,3,0.7719696973001061,0.028718628299299515,5,5
0.5,0.15368523592807445,3,0.7524752439951263,0.042426890365268886,5,5
1.0,0.009473517100715562,3,0.7299215992568296,0.11150149329498847,5,5
0.5,0.23358789337331676,3,0.6946591605200748,0.028169969264077867,5,5
0.9,0.12977105187406485,3,0.6912664503640972,0.026166741411499612,5,5
1.0,0.11679394668665838,3,0.6896347419083271,0.02699835205943778,5,5
1.0,0.002698091650307786,3,0.669566554357064,0.02550853332676962,5,5
1.0,0.004100859402125575,3,0.6646960559382254,0.016284212349791067,5,5
1.0,0.001775164139908661,3,0.6180365784945838,0.06280579873156888,5,5
1.0,0.0332464355048879,3,0.8025493924261718,0.011896525289811081,6,1
1.0,0.050531625792559036,3,0.8009552042931506,0.01880102586315943,6,1
0.9,0.03694048389431989,3,0.7994161372933383,0.01223528608744231,6,1
0.9,0.056146250880621154,3,0.7988246365945413,0.015516086327589993,6,1
1.0,0.021873934520100755,3,0.7879434139987537,0.01362925104367854,6,1
0.9,0.02430437168900084,3,0.7874521212941255,0.012127770501999278,6,1
1.0,0.0768035780817408,3,0.7862053921262393,0.027561293527945323,6,1
0.5,0.0664928710097758,3,0.7852055521449312,0.006112280467773797,6,1
0.5,0.04374786904020151,3,0.7827472757993718,0.006626839567731769,6,1
0.9,0.085337308979712,3,0.7791298581283129,0.026438339738221444,6,1
1.0,0.014391588274758381,3,0.7784932822699885,0.005707458798853215,6,1
0.9,0.015990653638620424,3,0.7780930008147382,0.0057285896249171355,6,1
0.5,0.10106325158511807,3,0.7758994871913698,0.011812163626947805,6,1
0.5,0.028783176549516763,3,0.7687929998586208,0.0009061180816817413,6,1
1.0,0.009468704081555828,3,0.762113687878745,0.002058290852281737,6,1
0.9,0.010520782312839809,3,0.7616212210645136,0.0025151219963038957,6,1
0.5,0.018937408163111655,3,0.7588950473074063,0.0060688005711420565,6,1
0.5,0.1536071561634816,3,0.7453018230959266,0.02185501946880078,6,1
0.5,0.012459550019412603,3,0.7447956223268513,0.006387670384356531,6,1
0.5,0.23346921907375776,3,0.689133137200844,0.016971229236520394,6,1
0.9,0.1297051217076432,3,0.6806218698678044,0.009969119690697872,6,1
1.0,0.11673460953687888,3,0.6802360646266489,0.008321330618424863,6,1
1.0,0.002696720885187547,3,0.6538465504685637,0.045810140288262156,6,1
0.5,0.35485245359857087,3,0.6355361080302986,0.039442503904010016,6,1
0.9,0.19714025199920604,3,0.6310651691331302,0.03878959962581892,6,1
1.0,0.17742622679928544,3,0.630816783638843,0.038798350524967044,6,1
1.0,0.006229775009706302,3,0.5718066597098864,0.15878402641227413,6,1
1.0,0.03561426693296477,3,0.8148111857493654,0.031979168698770474,6,2
0.9,0.03957140770329419,3,0.8129432153324351,0.029773025536262036,6,2
1.0,0.054130519022657336,3,0.8089177271812732,0.024739378891332677,6,2
0.9,0.060145021136285934,3,0.8045172506728745,0.02560971939300346,6,2
1.0,0.023431809487020904,3,0.802364362739147,0.027956392054584545,6,2
0.9,0.02603534387446767,3,0.8009346954583486,0.02789260414596835,6,2
0.5,0.07122853386592953,3,0.7997827054596751,0.032625169049949956,6,2
0.5,0.04686361897404181,3,0.7997085328690149,0.030608870252737737,6,2
1.0,0.08227357578853149,3,0.7947521762338091,0.034990841714060895,6,2
0.9,0.09141508420947944,3,0.784760398437513,0.04043286953679261,6,2
0.5,0.10826103804531467,3,0.7838046393178887,0.04331424946836361,6,2
1.0,0.015416565975357458,3,0.780797561404346,0.026154109623362804,6,2
0.5,0.030833131950714916,3,0.7804721488209675,0.02412459888856285,6,2
0.9,0.017129517750397175,3,0.779907585969167,0.02563571557265032,6,2
0.9,0.011270078850347863,3,0.765209691361631,0.021381017125245993,6,2
0.5,0.020286141930626153,3,0.761082991501028,0.024485874351018403,6,2
0.5,0.16454715157706298,3,0.7516348929695656,0.04973011687332357,6,2
1.0,0.010143070965313077,3,0.7155678538403801,0.03366388339605591,6,2
0.5,0.25009703935031435,3,0.708028506100446,0.0434826884466162,6,2
1.0,0.12504851967515718,3,0.7072786037591042,0.04215470728534311,6,2
0.9,0.13894279963906353,3,0.7067727170178378,0.04274056165278291,6,2
1.0,0.0028887829925301396,3,0.6543061014211502,0.09242021168436208,6,2
1.0,0.001900626309611294,3,0.6188500551170191,0.042594342195173794,6,2
1.0,0.033555078960574344,3,0.7934832754393168,0.011457088182304677,6,3
1.0,0.05100073640153775,3,0.7933876414202942,0.010830113727641803,6,3
0.9,0.03728342106730482,3,0.7913710987318852,0.0139195686760879,6,3
0.9,0.05666748489059749,3,0.7899053801410583,0.010431539758335757,6,3
1.0,0.022077001304169994,3,0.7840258709564955,0.012856520980159524,6,3
0.9,0.024530001449077764,3,0.7821054032496105,0.016057820528486585,6,3
0.5,0.06711015792114869,3,0.7805584506697104,0.014410165377730258,6,3
0.5,0.04415400260833999,3,0.7754336447541655,0.019222269817454007,6,3
1.0,0.07751658449545835,3,0.7693951907665704,0.0042124939543880914,6,3
0.5,0.1020014728030755,3,0.7657408879559996,0.0058157444884637385,6,3
1.0,0.014525192658821897,3,0.7622118738403506,0.0057606930713409825,6,3
0.9,0.01613910295424655,3,0.7601847764233342,0.004416585801674706,6,3
0.9,0.08612953832828704,3,0.7574311363338646,0.004220009544803115,6,3
0.5,0.029050385317643795,3,0.7565816464671311,0.008286311915983356,6,3
0.5,0.01911321368958225,3,0.7372275142232101,0.003934905706978887,6,3
1.0,0.009556606844791125,3,0.7330632257899543,0.011629762516462427,6,3
0.9,0.010618452049767914,3,0.7315151781306074,0.00793396552978323,6,3
1.0,0.006287609158178011,3,0.7279977048512297,0.039631160827576874,6,3
0.5,0.1550331689909167,3,0.7225660423153254,0.00855027684528893,6,3
0.5,0.012575218316356022,3,0.7128792512984284,0.007524264915893174,6,3
0.5,0.2356366317746094,3,0.6628245487361996,0.013634363118473448,6,3
0.9,0.13090923987478298,3,0.6553928393825579,0.019706485025232374,6,3
1.0,0.1178183158873047,3,0.6540398653624322,0.021696692100920255,6,3
0.5,0.35814672818392823,3,0.6242560451788707,0.033684491979156295,6,3
0.9,0.1989704045466268,3,0.6188640369167164,0.024514434241674175,6,3
1.0,0.17907336409196412,3,0.6188640369167164,0.024514434241674175,6,3
1.0,0.002721755907450422,3,0.5989324704099804,0.0324500752659082,6,3
1.0,0.0017907336409196412,3,0.5872323256266238,0.03117161684924763,6,3
1.0,0.03084528567779982,3,0.7787964849162559,0.020865246078504488,6,4
1.0,0.04688209155853734,3,0.7786809915774722,0.023637558707753456,6,4
0.9,0.0342725396419998,3,0.7764358902470961,0.020980600995289832,6,4
0.9,0.05209121284281927,3,0.7757861370368571,0.023912270642026476,6,4
1.0,0.07125661055183509,3,0.7705114737553941,0.04599325753842941,6,4
0.9,0.07917401172426121,3,0.7653610774488723,0.04886271438526269,6,4
0.9,0.02254904252386526,3,0.7649069766413117,0.020345912758057333,6,4
1.0,0.02029413827147873,3,0.7627432910503154,0.022861567272399914,6,4
0.5,0.06169057135559964,3,0.7599119165070919,0.010348246838992272,6,4
0.5,0.04058827654295746,3,0.758111019648355,0.0062207665684701355,6,4
0.5,0.09376418311707468,3,0.75237543262405,0.02423928257915264,6,4
1.0,0.013352187834600565,3,0.7406071446816419,0.03243120427037626,6,4
0.9,0.014835764260667295,3,0.7399662682616754,0.027675525536420543,6,4
0.5,0.02670437566920113,3,0.739340775969357,0.01688360394978085,6,4
0.5,0.14251322110367018,3,0.73412739009088,0.04460479838927843,6,4
1.0,0.0087848479982523,3,0.7281317516745479,0.021527215039390646,6,4
0.9,0.009760942220280334,3,0.7272133717633317,0.022129504057498514,6,4
0.5,0.0175696959965046,3,0.7240284407571718,0.028858036396578718,6,4
0.5,0.011559686743233434,3,0.703865547417101,0.030601356803866598,6,4
1.0,0.10830371211139513,3,0.6907971061240454,0.045204928087977915,6,4
0.9,0.12033745790155013,3,0.6904398142430512,0.041399998998354275,6,4
0.5,0.21660742422279025,3,0.6803094273147007,0.03143677347945515,6,4
1.0,0.0025019562197779004,3,0.6258637453971589,0.043234106215489426,6,4
1.0,0.001646120123630533,3,0.594565282887217,0.0829705071726433,6,4
1.0,0.005779843371616717,3,0.5881696520470561,0.03740470766662001,6,4
1.0,0.03446270008075745,3,0.7852142415890992,0.013914019013684699,6,5
0.9,0.03829188897861938,3,0.7833502662951867,0.015073013615530805,6,5
1.0,0.05238023980122621,3,0.7829741398789752,0.0035541407891979343,6,5
0.9,0.0582002664458069,3,0.7790388495590997,0.002566323441381577,6,5
1.0,0.022674155394539375,3,0.7749388241635797,0.009333003905408243,6,5
0.9,0.02519350599393264,3,0.7744516896368704,0.010244616473198236,6,5
0.5,0.0689254001615149,3,0.7700332975687085,0.00597236903426849,6,5
0.5,0.04534831078907875,3,0.7686795895717434,0.009411160933132478,6,5
1.0,0.014918080175116082,3,0.7588291516716353,0.010291615561961015,6,5
0.9,0.016575644639017867,3,0.7582276729694756,0.010427030785594168,6,5
0.5,0.029836160350232163,3,0.7562322746050324,0.006084933747618665,6,5
0.5,0.10476047960245242,3,0.75426059431291,0.013322872228989468,6,5
1.0,0.07961330700161609,3,0.7449396539430468,0.020600783429267574,6,5
0.9,0.08845923000179566,3,0.7376075794642513,0.025238219103796467,6,5
0.9,0.010905667328126955,3,0.7345769229417326,0.023266127205121293,6,5
1.0,0.00981510059531426,3,0.7339130570004514,0.022360056230710915,6,5
0.5,0.01963020119062852,3,0.7326281431820248,0.01877072379022347,6,5
0.5,0.15922661400323218,3,0.7140485288549847,0.03178671528101028,6,5
0.5,0.012915361570027052,3,0.7109357950919235,0.02720923590844089,6,5
1.0,0.1210051476622907,3,0.6829353781308797,0.025662024745222084,6,5
0.5,0.2420102953245814,3,0.6824147825274807,0.030590042734832033,6,5
0.9,0.1344501640692119,3,0.6822349755309207,0.027406783125169712,6,5
1.0,0.0018391706502627187,3,0.6314784859273922,0.06345971239284184,6,5
1.0,0.00279537585477606,3,0.6043203061095369,0.06941866483653822,6,5
1.0,0.006457680785013526,3,0.5797251515571483,0.0623950249061579,6,5
1.0,0.03250374983923775,3,0.7999521332116295,0.03852267612934837,7,1
0.9,0.036115277599153055,3,0.7984971403350313,0.038769396092280306,7,1
1.0,0.04940280961818709,3,0.7969537083393643,0.04361973304612287,7,1
0.9,0.05489201068687455,3,0.790746210277609,0.03965237695561554,7,1
1.0,0.0213852969451926,3,0.7821452114084129,0.02565644606317238,7,1
0.9,0.023761441050214,3,0.7812156998547769,0.02580964078935979,7,1
0.5,0.0650074996784755,3,0.7810114554419116,0.03377583804494495,7,1
0.5,0.0427705938903852,3,0.7723687750197797,0.028960126462600957,7,1
1.0,0.07508787786769636,3,0.7641576610342175,0.025189683409462295,7,1
0.5,0.09880561923637418,3,0.7590181970691701,0.03255710007474833,7,1
1.0,0.014070097379410205,3,0.7576542267402759,0.014325877494828575,7,1
0.9,0.015633441532678007,3,0.7569198518780117,0.015302734862716185,7,1
0.9,0.0834309754085515,3,0.7554329136421468,0.023272397399537043,7,1
0.5,0.02814019475882041,3,0.7516428891745814,0.014850490874495557,7,1
0.5,0.018514369080162706,3,0.7295870846560141,0.006181518605498159,7,1
0.9,0.010285760600090394,3,0.7252999710557108,0.012786256286896341,7,1
1.0,0.009257184540081353,3,0.7244128720282447,0.012788801043687206,7,1
0.5,0.1501757557353927,3,0.7173511777787643,0.021335765816355493,7,1
0.5,0.01218121855141182,3,0.7055450262850699,0.015992463012584727,7,1
1.0,0.11412689776652798,3,0.6791747894233331,0.0325686220638255,7,1
0.9,0.1268076641850311,3,0.6785714205608416,0.031491097596702565,7,1
0.5,0.22825379553305597,3,0.6771429131537996,0.03137127977003675,7,1
1.0,0.002636479361088107,3,0.6733383204720833,0.12127790037630756,7,1
0.9,0.004452460223216093,3,0.655187761659828,0.04267584089631578,7,1
1.0,0.0017346273677838228,3,0.6182417897787785,0.020511931029538025,7,1
1.0,0.004007214200894484,3,0.5933751791291413,0.07611803125713168,7,1
1.0,0.05519801994498665,3,0.7993414086752502,0.018417675726571346,7,2
0.9,0.0613311332722074,3,0.7987979964381179,0.011966674131545564,7,2
1.0,0.03631661125711782,3,0.7929176131538832,0.025749339534721836,7,2
0.9,0.04035179028568647,3,0.7917700617969851,0.021423925383744876,7,2
1.0,0.0838960822714423,3,0.7916601175543274,0.012044479791223002,7,2
0.9,0.09321786919049145,3,0.7842285040272973,0.01959320302810504,7,2
0.5,0.07263322251423564,3,0.7831533008416877,0.006523207559418308,7,2
1.0,0.02389390515303086,3,0.779416354905672,0.034207378718138635,7,2
0.9,0.026548783503367628,3,0.778796895893469,0.029611162255890167,7,2
0.5,0.04778781030606172,3,0.7730454152678311,0.015401411085336943,7,2
0.5,0.1103960398899733,3,0.7674899060622176,0.003777020370232369,7,2
1.0,0.015720594066995674,3,0.7634027409177783,0.03447366404231406,7,2
0.9,0.01746732674110631,3,0.7633330916633022,0.03392234174113647,7,2
1.0,0.010343101148031095,3,0.7614504079401442,0.028908318369223918,7,2
0.9,0.011492334608923443,3,0.7609328988268055,0.032497846095127236,7,2
0.5,0.02068620229606219,3,0.760748011060555,0.021572770290129172,7,2
0.5,0.03144118813399135,3,0.7596384833806581,0.02230175990242834,7,2
0.5,0.013610139782566984,3,0.7478223486209418,0.014776694448481125,7,2
0.5,0.1677921645428846,3,0.7392765351752049,0.017190451415598575,7,2
0.9,0.007561188768092772,3,0.7386697347370457,0.03263040764978928,7,2
0.9,0.14168287251188477,3,0.6947719909537374,0.025395547290418,7,2
1.0,0.12751458526069628,3,0.6944112540940915,0.025568040978680807,7,2
0.5,0.25502917052139257,3,0.6939887454438178,0.023793622708207285,7,2
1.0,0.0019381083137587902,3,0.6368883031645679,0.07251825979718632,7,2
1.0,0.0029457523060452072,3,0.634337483984679,0.04863516506964693,7,2
1.0,0.0156719581581219,3,0.7847287277834911,0.04827442852704051,7,3
0.9,0.017413286842357663,3,0.7826246226329919,0.0467037515654561,7,3
1.0,0.023819982896104125,3,0.7811789330944775,0.041742770565368376,7,3
0.9,0.02646664766233791,3,0.780900859068911,0.0393426514417205,7,3
0.9,0.04022695111059774,3,0.7804771263281728,0.03366082449440893,7,3
1.0,0.05502724994376301,3,0.7803561872954045,0.02354515649359459,7,3
0.5,0.0313439163162438,3,0.7803348122720951,0.03416678774034475,7,3
1.0,0.03620425599953798,3,0.7801064195899988,0.03817028310484645,7,3
0.9,0.011456779964079577,3,0.7788765212592819,0.04010666740149359,7,3
0.5,0.04763996579220825,3,0.7786170124248067,0.024803019861033615,7,3
0.9,0.06114138882640334,3,0.7778786875648901,0.017639304836961377,7,3
0.5,0.07240851199907596,3,0.7760600616343183,0.016318898537188934,7,3
1.0,0.010311101967671621,3,0.7759620269804777,0.04298554538780626,7,3
0.5,0.020622203935343243,3,0.775768388780843,0.03376442523636672,7,3
0.5,0.11005449988752602,3,0.7661303093930402,0.010584068182658087,7,3
0.5,0.013568033134726367,3,0.7626553660630814,0.026788794414401806,7,3
1.0,0.0836365270539466,3,0.7403523488956184,0.023871935691734864,7,3
0.9,0.0929294745043851,3,0.7371147981975222,0.024471881484416022,7,3
0.5,0.1672730541078932,3,0.7319422211759946,0.02016049623385949,7,3
0.5,0.2542401688179726,3,0.7009134421557937,0.012033551644525253,7,3
0.9,0.141244538232207,3,0.6957111790886801,0.0163952127506691,7,3
1.0,0.1271200844089863,3,0.6931832227230651,0.01662933258613113,7,3
0.5,0.38642245031826145,3,0.6511617580852077,0.012181621939588534,7,3
0.9,0.2146791390657008,3,0.64802461629512,0.014753754537260102,7,3
1.0,0.19321122515913072,3,0.6474562037900449,0.015421082127846803,7,3
1.0,0.002936638824702775,3,0.6219102199192541,0.01945126118325548,7,3
1.0,0.0019321122515913072,3,0.5681634710836806,0.0694938788160275,7,3
1.0,0.03349637754335846,3,0.7718604994969428,0.060026590939723026,7,4
0.9,0.03721819727039829,3,0.7708607152611114,0.059383407213228365,7,4
1.0,0.02203837969144918,3,0.7703849547316949,0.060125681962808014,7,4
0.9,0.02448708854605464,3,0.7702229368413932,0.05907656083714388,7,4
0.5,0.04407675938289836,3,0.7632095930930607,0.048562282700252604,7,4
0.5,0.06699275508671693,3,0.7622249688198686,0.04751964725030387,7,4
1.0,0.05091151546692629,3,0.7605253293326562,0.040417350659731135,7,4
1.0,0.014499782216623017,3,0.7588240030373421,0.05205884362795034,7,4
0.9,0.016110869129581127,3,0.7575879645015148,0.0500584523755277,7,4
0.9,0.05656835051880699,3,0.756850514164041,0.04019539550609569,7,4
0.5,0.028999564433246035,3,0.7506646282986372,0.04806860415292568,7,4
0.5,0.10182303093385257,3,0.7373200204981782,0.03923376412898119,7,4
0.5,0.019079776941230482,3,0.7285338751879459,0.03722248705072492,7,4
1.0,0.07738097660811097,3,0.7183379732283742,0.05239368672176746,7,4
0.9,0.08597886289790108,3,0.7126210510288606,0.0480308357197563,7,4
0.5,0.15476195321622194,3,0.7047683652281789,0.035934722479911085,7,4
0.5,0.23522440791277915,3,0.6722997007124967,0.020283120899519908,7,4
0.9,0.13068022661821063,3,0.6655309368961874,0.01380619579766908,7,4
1.0,0.11761220395638958,3,0.662105933401799,0.011891015231506182,7,4
1.0,0.00627660958434544,3,0.6536553713485277,0.07939908068124071,7,4
1.0,0.0017876009228383742,3,0.6400967956174485,0.0939631027352833,7,4
1.0,0.002716994454518937,3,0.6134097744641723,0.020293525621968508,7,4
1.0,0.03184374214754748,3,0.7964477599879248,0.02736981460500727,7,5
0.9,0.035381935719497194,3,0.7929118786219381,0.030279800589160914,7,5
1.0,0.048399656612752875,3,0.7925694688518031,0.03128900407916919,7,5
0.9,0.05377739623639207,3,0.7909922070126068,0.033974964137183636,7,5
1.0,0.020951055956300025,3,0.7833979266821364,0.013504428614118906,7,5
1.0,0.07356317449683934,3,0.7825599884687473,0.02471044348714013,7,5
0.9,0.023278951062555578,3,0.7809887135285294,0.014400146811398716,7,5
0.5,0.06368748429509496,3,0.7757843354293182,0.03956150837922614,7,5
0.9,0.0817368605520437,3,0.7752592602931866,0.026716596315601335,7,5
0.5,0.04190211191260005,3,0.7668114130199178,0.029021964978807355,7,5
0.5,0.09679931322550575,3,0.766280270809296,0.04327188787408374,7,5
1.0,0.013784395805309622,3,0.7622978112884731,0.023471008219673673,7,5
0.9,0.01531599533923291,3,0.7619242041231699,0.024748304958461285,7,5
0.5,0.027568791610619245,3,0.75021312072978,0.029313181794372187,7,5
1.0,0.009069211982143614,3,0.7374447878715574,0.017125649408405805,7,5
0.9,0.01007690220238179,3,0.7352408176711761,0.016323034610426685,7,5
0.5,0.018138423964287227,3,0.7346387386356971,0.026883838205283398,7,5
0.5,0.14712634899367869,3,0.7345785306902259,0.04099960921675938,7,5
0.5,0.011933871769029603,3,0.7209206313140125,0.0130193509456644,7,5
1.0,0.002582944102359276,3,0.6998238127133654,0.06679948900478834,7,5
1.0,0.11180948421494671,3,0.6615481025952717,0.04874832837962054,7,5
0.9,0.12423276023882966,3,0.6557750947044179,0.0402899166465371,7,5
0.5,0.22361896842989343,3,0.6475055590266567,0.034730313707998145,7,5
1.0,0.03344926486904149,3,0.7933206408911149,0.038833022630109466,8,1
0.9,0.03716584985449054,3,0.792091147317547,0.03374083775930607,8,1
1.0,0.05083990839108437,3,0.7900847737321612,0.0340917300109872,8,1
0.9,0.056488787101204856,3,0.785198611425785,0.028266211908594796,8,1
0.9,0.024452647441903966,3,0.7780261878942442,0.027535287204835966,8,1
0.5,0.06689852973808298,3,0.777624203157593,0.014873101057465202,8,1
1.0,0.02200738269771357,3,0.7771463108828819,0.030620473250651165,8,1
0.5,0.04401476539542714,3,0.7732810421311385,0.0159007993083553,8,1
0.5,0.10167981678216874,3,0.7635698440918678,0.010679885615871385,8,1
0.5,0.028958776529159715,3,0.7560552803830651,0.020246744415716517,8,1
1.0,0.07727214021992099,3,0.754133049875174,0.020279341206115502,8,1
1.0,0.014479388264579857,3,0.7541292180526469,0.0317727663518277,8,1
0.9,0.016088209182866506,3,0.7526470933327972,0.030996567955482186,8,1
0.9,0.08585793357768999,3,0.7434099186608653,0.01950521309892768,8,1
0.9,0.010584967346648856,3,0.741424947704433,0.03719450542604916,8,1
0.5,0.019052941223967945,3,0.7368332476824948,0.025548024413398176,8,1
0.5,0.01253556305869634,3,0.730423758792195,0.025505965907337183,8,1
0.5,0.15454428043984197,3,0.7190027659585404,0.02283309901223618,8,1
0.5,0.2348935646475021,3,0.6737520820410232,0.017456991954227622,8,1
0.9,0.13049642480416784,3,0.6673524223371191,0.01977342792772869,8,1
1.0,0.11744678232375105,3,0.6651268865615959,0.019106982372847407,8,1
0.5,0.3570173322220599,3,0.6638295112480649,0.021154496439291737,8,1
0.9,0.19834296234558882,3,0.6517656729810181,0.033169248535986594,8,1
1.0,0.17850866611102995,3,0.6485848946422426,0.035854295854418086,8,1
1.0,0.002713173000252992,3,0.5865021957872205,0.052146176247996945,8,1
1.0,0.049644391983096316,3,0.7933319452296015,0.03631837215556614,8,2
0.9,0.055160435536773696,3,0.7890842365388963,0.03906558694993784,8,2
1.0,0.03266269490360287,3,0.782160546973604,0.041681545451431136,8,2
0.9,0.036291883226225424,3,0.779057052887007,0.042821281101630256,8,2
1.0,0.07545506158156787,3,0.7744684171950643,0.03654747447974249,8,2
1.0,0.02148987218393375,3,0.7743416849803286,0.050972137562271515,8,2
0.9,0.023877635759926394,3,0.7713756895676452,0.051836895410737376,8,2
1.0,0.014138900903454505,3,0.7709017488208906,0.04385473332580647,8,2
0.5,0.06532538980720574,3,0.7688830473694628,0.04443308630612815,8,2
0.9,0.01570988989272723,3,0.7683259211597022,0.045384795688116694,8,2
0.5,0.09928878396619263,3,0.7672646845528379,0.045449369751862846,8,2
0.9,0.0838389573128532,3,0.7660084939954138,0.03646213667232711,8,2
0.5,0.0429797443678675,3,0.7619729714395498,0.046656303234843315,8,2
1.0,0.009302452664523625,3,0.7615128460420767,0.018299134617389218,8,2
0.5,0.02827780180690901,3,0.7557649701582664,0.04338574629653649,8,2
0.9,0.01033605851613736,3,0.7486516045860082,0.037565836524920446,8,2
0.5,0.01860490532904725,3,0.7440859324527294,0.04280935480095866,8,2
0.5,0.15091012316313573,3,0.7304959070592063,0.031234224205562485,8,2
0.5,0.012240785357588827,3,0.7253830614894022,0.03168961065026221,8,2
0.5,0.22936996872544224,3,0.6853655430757275,0.03530567026513492,8,2
0.9,0.12742776040302348,3,0.6797806862946723,0.03614811371432966,8,2
1.0,0.11468498436272112,3,0.6791837196597333,0.03791629373917209,8,2
1.0,0.0026493718852989476,3,0.6254566390851748,0.03516733244809194,8,2
1.0,0.006120392678794414,3,0.6244393385084946,0.012688606577665877,8,2
1.0,0.0017431097878118369,3,0.6199986855524274,0.1153419140165101,8,2
1.0,0.053765020866005944,3,0.8123775490399461,0.010893902163478094,8,3
0.9,0.059738912073339936,3,0.8104849673267537,0.013183737390506649,8,3
1.0,0.03537379355215272,3,0.8035665036152153,0.011899259231586438,8,3
1.0,0.08171805108943818,3,0.8031595332233333,0.028661726244576226,8,3
0.9,0.03930421505794746,3,0.803119810298628,0.01204691447058931,8,3
1.0,0.023273594060138927,3,0.7986697070798763,0.0060513573881327935,8,3
0.9,0.025859548955709914,3,0.7966968221852051,0.009519304180304356,8,3
0.9,0.09079783454382019,3,0.7955521680397034,0.035891016649801925,8,3
0.5,0.07074758710430544,3,0.7928210792638825,0.02353446832250762,8,3
0.5,0.10753004173201189,3,0.7914685207554815,0.03051951720165032,8,3
1.0,0.015312470789358424,3,0.7886458346855129,0.009091531733984894,8,3
0.9,0.017013856432620468,3,0.7873655853660084,0.007094875842345431,8,3
0.5,0.04654718812027785,3,0.7868429889265686,0.018936961161072397,8,3
0.5,0.030624941578716848,3,0.7801652137252825,0.005670241037119576,8,3
1.0,0.010074583283917403,3,0.7736541003169389,0.014952588512769057,8,3
0.9,0.01119398142657489,3,0.7728839928186243,0.014954584243507632,8,3
0.5,0.020149166567834807,3,0.772393744964814,0.0028110907336736913,8,3
0.5,0.16343610217887636,3,0.7599702988493023,0.042229989250293164,8,3
0.5,0.013256806134138016,3,0.7516666253438405,0.013452909362605618,8,3
0.5,0.008722093208493653,3,0.7295252170276445,0.026945668436736184,8,3
0.5,0.2484083430563023,3,0.7168922103885066,0.03435115380764449,8,3
1.0,0.12420417152815115,3,0.7131004035886512,0.030416196839400358,8,3
0.9,0.13800463503127905,3,0.7130186717759962,0.031005484169213164,8,3
1.0,0.0018877929685462414,3,0.6223393855592756,0.08178155341385569,8,3
1.0,0.0028692774552140513,3,0.6033809472843928,0.05037772515617297,8,3
1.0,0.02103955160424407,3,0.8031048551929071,0.02415830674426243,8,4
0.9,0.023377279560271188,3,0.8019402145874142,0.028482046655369377,8,4
0.5,0.04207910320848814,3,0.790727763866514,0.04062615519892769,8,4
0.9,0.03553138629294526,3,0.789384495527165,0.03308964792241309,8,4
1.0,0.01384262003232961,3,0.7877157569031797,0.013079003916297419,8,4
0.9,0.015380688924810676,3,0.7871771974728597,0.016653159114480044,8,4
1.0,0.03197824766365074,3,0.7867498063728976,0.03099418570849805,8,4
1.0,0.04860409303739652,3,0.7860160896819649,0.01827115589711345,8,4
0.9,0.054004547819329465,3,0.7856162111561581,0.0237493113155508,8,4
0.5,0.06395649532730148,3,0.7851728664028155,0.04336580339434683,8,4
0.5,0.02768524006465922,3,0.7834467509755609,0.02961879699581238,8,4
1.0,0.07387389968441449,3,0.7716445730644214,0.03266101602789449,8,4
0.5,0.09720818607479303,3,0.7677716133869753,0.0345012793347231,8,4
0.9,0.08208211076046054,3,0.7667959461115031,0.03538709965660604,8,4
0.5,0.018215039271160135,3,0.7614042996336877,0.02532488115456019,8,4
0.9,0.01011946626175563,3,0.7592685182413034,0.024088100277771293,8,4
1.0,0.009107519635580067,3,0.7536607795791915,0.025128929576239058,8,4
0.5,0.14774779936882898,3,0.7337332925295742,0.03467336223186917,8,4
0.5,0.011984279524938624,3,0.719159285210141,0.051372063388705085,8,4
0.5,0.22456351774258962,3,0.6774347086101185,0.029522503183654993,8,4
0.9,0.12475750985699423,3,0.6747093254192782,0.03603973246284223,8,4
1.0,0.11228175887129481,3,0.6742844273625401,0.03617851233767669,8,4
1.0,0.002593854259461539,3,0.6028192703317609,0.03402378217822439,8,4
1.0,0.0017065828972192985,3,0.5867255151119408,0.10250686558536339,8,4
1.0,0.055184273611616375,3,0.7985665365742906,0.04779966516653466,8,5
0.9,0.06131585956846264,3,0.7975237765410995,0.045135370307259406,8,5
0.9,0.040341741208529215,3,0.784617555947246,0.04680413406327362,8,5
1.0,0.036307567087676296,3,0.7837526813511272,0.04739943691262714,8,5
1.0,0.08387518906700285,3,0.7834177905795287,0.06142839899250408,8,5
0.5,0.07261513417535259,3,0.7799555044426582,0.047556763102489484,8,5
1.0,0.02388795469346585,3,0.7761132559482912,0.043524285229624295,8,5
0.9,0.02654217188162872,3,0.7750102657157156,0.04543829547981833,8,5
0.5,0.11036854722323275,3,0.7748745824156686,0.0480123581704439,8,5
0.9,0.09319465451889206,3,0.7741176150634139,0.058202839436829384,8,5
0.5,0.0477759093869317,3,0.7688785357442643,0.04640916288220317,8,5
1.0,0.015716679061945873,3,0.7688432463478237,0.05312768329702904,8,5
0.9,0.017462976735495413,3,0.7681402032714298,0.04988733203762506,8,5
0.5,0.031433358123891746,3,0.7662556090382725,0.04717524686194429,8,5
0.5,0.020681050672268258,3,0.7523416776921472,0.04888951704011212,8,5
0.9,0.011489472595704587,3,0.7485005289293555,0.07165274444972819,8,5
1.0,0.010340525336134129,3,0.7474061712912108,0.07011471193419926,8,5
0.5,0.1677503781340057,3,0.7424044447350203,0.058639991699974685,8,5
0.5,0.013606750358112018,3,0.7346879342915408,0.05570313456671325,8,5
0.5,0.2549656588954207,3,0.705610132284105,0.07097425191776291,8,5
0.9,0.14164758827523374,3,0.6974661266820493,0.07158869434429256,8,5
1.0,0.12748282944771036,3,0.6971810390529033,0.06898928099105857,8,5
1.0,0.002945018705577917,3,0.5988765990776664,0.12646216682015063,8,5
1.0,0.05066972658570854,3,0.7969963152392352,0.01594349661519412,9,1
1.0,0.033337296605052524,3,0.7921202284239008,0.02772505701092199,9,1
0.9,0.05629969620634282,3,0.7917213162579374,0.01745729406254019,9,1
0.9,0.03704144067228058,3,0.7910819524787334,0.025042591216330606,9,1
0.9,0.024370794507475556,3,0.7879292654287368,0.02869866159738288,9,1
1.0,0.021933715056728,3,0.785954715191019,0.030252165485927116,9,1
0.5,0.06667459321010505,3,0.783685874547701,0.0202095976474858,9,1
0.5,0.043867430113456,3,0.7834003049179721,0.024710941040129827,9,1
0.5,0.02886183975198661,3,0.7803285609292301,0.019889169483278388,9,1
0.9,0.01603435541777034,3,0.7733613702751089,0.022072742323297458,9,1
1.0,0.014430919875993304,3,0.771952716473194,0.02495240622619015,9,1
1.0,0.07701347900781333,3,0.7714960611609136,0.03601494599441649,9,1
0.5,0.10133945317141708,3,0.767585471589994,0.019195901723835642,9,1
0.5,0.01898916329757453,3,0.763607360629334,0.015454393410399806,9,1
0.9,0.08557053223090369,3,0.7618795864489667,0.03736065552436822,9,1
0.9,0.010549535165319184,3,0.7610111977465029,0.01768524105529583,9,1
1.0,0.009494581648787265,3,0.7603791297219189,0.020090900456551493,9,1
0.5,0.012493601441922348,3,0.7447856446612248,0.013066287142000749,9,1
0.5,0.15402695801562666,3,0.7338653156353913,0.03265593987314257,9,1
0.5,0.008219955484270411,3,0.721779266931604,0.011270325006657549,9,1
0.5,0.23410728056147717,3,0.6929933940795419,0.03416243328214636,9,1
0.9,0.13005960031193176,3,0.6903943308320093,0.04070750410161633,9,1
1.0,0.11705364028073859,3,0.6897893442384584,0.04013806968443949,9,1
1.0,0.002704090909153846,3,0.62402769668901,0.1300052157872486,9,1
1.0,0.0017791112516268048,3,0.6070384397835548,0.07421676863236698,9,1
1.0,0.0342584108851357,3,0.8013905201066618,0.03034771751878538,9,2
1.0,0.022539746745301258,3,0.801173267837258,0.028318317535996968,9,2
0.9,0.03806490098348411,3,0.8004505674221566,0.02932814845644392,9,2
1.0,0.052069738388673174,3,0.7998035337113322,0.03716762471196847,9,2
0.9,0.025044163050334734,3,0.7993042954611362,0.025451855665602537,9,2
0.9,0.057855264876303526,3,0.7959992051373859,0.03627036968051989,9,2
0.5,0.045079493490602515,3,0.7884339511463647,0.02534445181731966,9,2
0.5,0.0685168217702714,3,0.7870124529915331,0.03098707641863279,9,2
0.9,0.016477386954556646,3,0.7791730218099931,0.016938313264482644,9,2
1.0,0.01482964825910098,3,0.7786957940169943,0.01909103812032043,9,2
1.0,0.07914137246340419,3,0.7778179731526261,0.039361071056090026,9,2
0.5,0.02965929651820196,3,0.7773521266628692,0.018524428246770613,9,2
0.5,0.10413947677734635,3,0.7694294192043448,0.03657482062322666,9,2
0.9,0.08793485829267132,3,0.7685400178191689,0.03786972514572853,9,2
0.9,0.010841020332941997,3,0.7627695541078247,0.02703325078382423,9,2
0.5,0.019513836599295592,3,0.7625515838400938,0.020307342992408207,9,2
1.0,0.009756918299647796,3,0.7619565671956492,0.029601372087250496,9,2
0.5,0.15828274492680838,3,0.7342780690592052,0.03505584124914963,9,2
0.5,0.2405756982544683,3,0.674953646353828,0.032073132470303176,9,2
0.9,0.13365316569692684,3,0.6622436371145722,0.015132936603377218,9,2
1.0,0.12028784912723416,3,0.6603653713403452,0.011043947461804132,9,2
1.0,0.002778805328279458,3,0.6374426857399609,0.1333156781947067,9,2
1.0,0.00641940071960771,3,0.6281584970172339,0.10270925266433555,9,2
1.0,0.004223537015820613,3,0.5774191699010355,0.02334759499734908,9,2
1.0,0.021285770418505986,3,0.7979579101132979,0.011643373312640676,9,3
0.9,0.035947198186976614,3,0.7954689558232855,0.02292746641061965,9,3
0.9,0.023650856020562206,3,0.7949579322506262,0.012598645967009513,9,3
1.0,0.03235247836827895,3,0.7936411854704319,0.02098018093355882,9,3
1.0,0.04917289043294223,3,0.79256976596983,0.019020754503938114,9,3
0.9,0.054636544925491366,3,0.7920394838056651,0.019843077018824585,9,3
0.5,0.0647049567365579,3,0.7869466890008726,0.02543189440398034,9,3
0.5,0.04257154083701197,3,0.7864152813442896,0.0160863573092814,9,3
1.0,0.014004615570768314,3,0.780696888613583,0.025411158869316174,9,3
0.9,0.015560683967520349,3,0.7800215841302073,0.025177819684275106,9,3
0.5,0.02800923114153663,3,0.7781676974959969,0.015156513868756116,9,3
1.0,0.07473842114985918,3,0.7772263734077002,0.024085627905241533,9,3
0.5,0.09834578086588446,3,0.7735033719089528,0.037564488409763834,9,3
0.9,0.0830426901665102,3,0.7700457475715429,0.031460182322268625,9,3
0.5,0.01842820376513037,3,0.7598217596924893,0.024137798982771474,9,3
0.9,0.010237890980627983,3,0.7579540867142404,0.021689718892565643,9,3
0.5,0.01212452752783896,3,0.7468536648733483,0.027536022888445498,9,3
1.0,0.009214101882565185,3,0.7434596185799753,0.03446506491685343,9,3
0.5,0.14947684229971836,3,0.7313443049769289,0.036399503979284036,9,3
1.0,0.00606226376391948,3,0.7100837624996358,0.05463956942007903,9,3
0.5,0.22719150925614984,3,0.6535700181433711,0.030944832109616738,9,3
0.9,0.12621750514230545,3,0.6481931530392475,0.031759216158888035,9,3
1.0,0.11359575462807492,3,0.6474204675070404,0.03274606925534772,9,3
1.0,0.002624209265696749,3,0.5823688168324508,0.05634462356393602,9,3
1.0,0.0017265544643561307,3,0.5346925519290168,0.04930272556163498,9,3
1.0,0.05448248864407581,3,0.81056194142656,0.008115046685806164,9,4
0.9,0.06053609849341758,3,0.8061108244520184,0.00830295988096513,9,4
1.0,0.03584583944096613,3,0.8053601320241439,0.006125537187323227,9,4
0.9,0.03982871048996237,3,0.8045279139251543,0.006973850030392611,9,4
0.9,0.02620463192661365,3,0.7946487162410691,0.004702600673916068,9,4
1.0,0.02358416873395228,3,0.7934937071245053,0.006421487808688064,9,4
0.5,0.04716833746790456,3,0.7908337612987472,0.007809591018348549,9,4
0.5,0.07169167888193226,3,0.7886544239672738,0.004053231202902488,9,4
1.0,0.08280853831698817,3,0.7868028971578839,0.02022363909961696,9,4
0.5,0.03103361637199483,3,0.784812005303877,0.01057455185142664,9,4
0.9,0.01724089798444158,3,0.7832338451084772,0.012393524910872774,9,4
1.0,0.015516808185997415,3,0.7827055643125908,0.012626893867080043,9,4
0.5,0.10896497728815162,3,0.7776910735687909,0.008233166041063918,9,4
0.9,0.09200948701887578,3,0.7748986607985285,0.02054307869461351,9,4
0.9,0.011343359606895812,3,0.7714314735408355,0.019326613593940258,9,4
1.0,0.010209023646206227,3,0.7712052271737441,0.01791516900006787,9,4
0.5,0.020418047292412454,3,0.7681939393470655,0.01934315646343616,9,4
0.5,0.01343371169630765,3,0.7576541615420497,0.019329418310716932,9,4
0.5,0.16561707663397635,3,0.740174509982936,0.01898887335381299,9,4
0.9,0.13984623905680338,3,0.6841250900853718,0.005497282173089573,9,4
1.0,0.125861615151123,3,0.6839489516245688,0.004005649359077533,9,4
0.5,0.251723230302246,3,0.683748092869072,0.010475106242048662,9,4
1.0,0.001912984637865487,3,0.6663909941698042,0.023857199360779326,9,4
1.0,0.002907566552610458,3,0.6193538518428473,0.03278981008870358,9,4
1.0,0.033007669928350476,3,0.7880810705128388,0.03324498687153477,9,5
0.9,0.0366751888092783,3,0.7870596771191773,0.029409468596223707,9,5
1.0,0.021716842714392264,3,0.786028717929138,0.03869521934632322,9,5
1.0,0.014288232356461313,3,0.783473751035718,0.04673475957036764,9,5
0.9,0.024129825238213623,3,0.7829234081188868,0.03543758795596843,9,5
0.9,0.01587581372940146,3,0.781957453731006,0.04520881811510244,9,5
0.5,0.04343368542878453,3,0.7711521279978796,0.020772608396399862,9,5
0.5,0.028576464712922627,3,0.7708705136469464,0.034351426258557964,9,5
0.5,0.06601533985670095,3,0.7707541928154654,0.01973102302338098,9,5
0.9,0.0557430259406135,3,0.7678916073618582,0.025424959937379404,9,5
1.0,0.05016872334655215,3,0.7674863102866643,0.025961909591953717,9,5
1.0,0.009400702788943192,3,0.7648800720593805,0.05515602258830753,9,5
0.9,0.010445225321047993,3,0.7624693138709251,0.0547651068029439,9,5
0.5,0.018801405577886385,3,0.7543743991416706,0.04665980530073424,9,5
0.5,0.1003374466931043,3,0.7450190991962004,0.023762977973460164,9,5
1.0,0.07625199863202421,3,0.7380103726992643,0.054160263389588306,9,5
0.9,0.08472444292447134,3,0.736851723071357,0.053726105906214565,9,5
0.5,0.15250399726404842,3,0.712307501111558,0.03583827403766461,9,5
0.5,0.23179251563625108,3,0.6768305770150337,0.03584695672860027,9,5
1.0,0.11589625781812554,3,0.6723177250803696,0.04075650691239926,9,5
0.9,0.12877361979791727,3,0.6720613790721613,0.04017431438919398,9,5
1.0,0.0026773538731414684,3,0.5579086928752298,0.03626612124877222,9,5
1.0,0.006185034699976787,3,0.5543034674530963,0.02459708235002854,9,5
1.0,0.05002352046578319,3,0.8041393478039113,0.03954580721219683,10,1
1.0,0.03291213612877658,3,0.8040605040083452,0.04122751667452851,10,1
0.9,0.036569040143085096,3,0.8034261795082971,0.041424921915864985,10,1
0.9,0.05558168940642577,3,0.8033426204368385,0.03850165343860812,10,1
0.5,0.06582427225755316,3,0.7968443265386318,0.03157471215471735,10,1
1.0,0.02165398785357482,3,0.793025929368434,0.030083954277695474,10,1
0.9,0.02405998650397203,3,0.7918681686333299,0.030916858796310925,10,1
0.5,0.10004704093156638,3,0.7869046510997589,0.02750074833576442,10,1
0.5,0.04330797570714964,3,0.7847768350544637,0.0374397738509433,10,1
1.0,0.07603130316426678,3,0.781135161756573,0.03539206683475468,10,1
0.5,0.028493756110396583,3,0.7799335574550982,0.03318339482257079,10,1
1.0,0.014246878055198291,3,0.7759069704515471,0.035126565877959814,10,1
0.9,0.015829864505775882,3,0.7749899491108492,0.03590891796715252,10,1
1.0,0.009373494420159752,3,0.7730983842245344,0.0396541680468525,10,1
0.9,0.0844792257380742,3,0.7720598759069762,0.02821571219769158,10,1
0.5,0.018746988840319504,3,0.7697876410486492,0.03270902241259311,10,1
0.9,0.010414993800177505,3,0.7681842269406429,0.039074813978568435,10,1
0.5,0.012334266820330852,3,0.7577659343542521,0.03651437378864656,10,1
0.5,0.15206260632853355,3,0.7377148234744494,0.00999539046287524,10,1
0.5,0.23112164066144708,3,0.6731820048562062,0.019100114888076326,10,1
0.9,0.1284009114785817,3,0.6674374567840612,0.023784221897915542,10,1
1.0,0.11556082033072354,3,0.6658582766581546,0.02493551578767545,10,1
0.5,0.35128434315159884,3,0.6530364491534392,0.07613238810775881,10,1
0.9,0.1951579684175549,3,0.650957447074437,0.07472364018726646,10,1
1.0,0.17564217157579942,3,0.6506975718145619,0.07455790425827125,10,1
1.0,0.002669604832119782,3,0.6428455296779166,0.09611286656690211,10,1
1.0,0.0017564217157579934,3,0.6307080257398655,0.03089377352414691,10,1
1.0,0.048482629144011774,3,0.7995882542897187,0.049803387885446346,10,2
0.9,0.053869587937790855,3,0.7992084284558612,0.04753655843856006,10,2
1.0,0.03189833253259665,3,0.7991647079664652,0.04296779832118103,10,2
0.9,0.03544259170288516,3,0.7987578798462994,0.041922183843788714,10,2
0.5,0.0637966650651933,3,0.7950784774559346,0.037074997127893874,10,2
1.0,0.02098697278437072,3,0.7907543774651172,0.032734014558056315,10,2
0.5,0.04197394556874144,3,0.7905826602032676,0.03601971504338213,10,2
0.9,0.0233188586493008,3,0.790136818230902,0.033246214610050194,10,2
0.5,0.027616053359643292,3,0.7803584707976201,0.036787729959762726,10,2
0.9,0.015342251866468495,3,0.7761153186918027,0.034863628560494485,10,2
0.5,0.09696525828802355,3,0.7760100380675005,0.04001289434588668,10,2
1.0,0.013808026679821646,3,0.7757718107465728,0.034853916873528505,10,2
1.0,0.0736892853666804,3,0.7725455758233369,0.023761194625379383,10,2
0.9,0.081876983740756,3,0.7637509502874117,0.0280921748042274,10,2
0.5,0.018169519039225576,3,0.7510841780259354,0.03885537567973209,10,2
0.5,0.1473785707333608,3,0.7355292168319609,0.03452521512586982,10,2
1.0,0.009084759519612788,3,0.7014269060907049,0.08060422860497927,10,2
0.5,0.22400232304739798,3,0.676915229474818,0.03157398295903655,10,2
0.9,0.1244457350263322,3,0.6690004004063712,0.03373851230496857,10,2
1.0,0.11200116152369899,3,0.6655857060579474,0.03573460880873005,10,2
1.0,0.003932575525645056,3,0.590613386890499,0.048977860099087736,10,2
1.0,0.002587372096797082,3,0.5762364206734111,0.03581833320231728,10,2
1.0,0.0017023180670347174,3,0.5443484387145996,0.05564527346460296,10,2
1.0,0.05451271850864568,3,0.8165451129606494,0.03546847882551828,10,3
0.9,0.060569687231828526,3,0.8126738968139838,0.030238694964311523,10,3
1.0,0.035865728673243544,3,0.8078691113174106,0.025851481281694264,10,3
0.9,0.03985080963693727,3,0.8068561986980122,0.023519602293253762,10,3
1.0,0.02359725452068052,3,0.7999072934920637,0.01965398533080298,10,3
0.9,0.02621917168964502,3,0.7976262153763131,0.01661841152983744,10,3
1.0,0.0828544850231841,3,0.7969059339494661,0.019914762614289944,10,3
0.9,0.09206053891464898,3,0.7876579538311921,0.02266131783621298,10,3
1.0,0.015525417759856708,3,0.7862720827807271,0.016518127250267287,10,3
0.5,0.07173145734648709,3,0.785788596977249,0.0102102490242038,10,3
0.9,0.017250464177618562,3,0.7848819533925974,0.013824492995429092,10,3
0.5,0.04719450904136104,3,0.7842979333811102,0.006922221996467106,10,3
0.5,0.10902543701729137,3,0.7795297420722848,0.02151545238209468,10,3
0.5,0.031050835519713417,3,0.7786120351502412,0.006781554948994236,10,3
1.0,0.0102146881708984,3,0.7670810067669228,0.01492829294612658,10,3
0.9,0.011349653523220442,3,0.7666533713548721,0.013442839214823627,10,3
0.5,0.0204293763417968,3,0.762736409407148,0.009465589098787934,10,3
0.5,0.013441165454301397,3,0.7496361158232547,0.018070585915794222,10,3
0.5,0.1657089700463682,3,0.7449831833616178,0.0262958112513921,10,3
0.5,0.25186290011819074,3,0.7001718592994876,0.03334283042052958,10,3
0.9,0.13992383339899483,3,0.6940447824090411,0.03292951018228519,10,3
1.0,0.12593145005909537,3,0.692917151695262,0.03252193849215251,10,3
1.0,0.0019140460663715287,3,0.6587833888418803,0.01003059221546553,10,3
1.0,0.006720582727150698,3,0.6336336379225879,0.052889266285074385,10,3
1.0,0.002909179829560553,3,0.6153076641655196,0.04101203583711937,10,3
1.0,0.03467163190170432,3,0.7839015453060769,0.022891970817856662,10,4
0.9,0.03852403544633814,3,0.7824644737758769,0.02198423566478057,10,4
1.0,0.022811618581228526,3,0.779838832113818,0.015249762790513788,10,4
1.0,0.052697797591464896,3,0.777656382539666,0.036166728660301815,10,4
0.9,0.025346242868031704,3,0.7775789048018072,0.018529680373248727,10,4
0.9,0.058553108434961004,3,0.7743850113423161,0.03777701919287681,10,4
0.5,0.04562323716245705,3,0.766844570692531,0.021772445752076108,10,4
1.0,0.01500852177280618,3,0.765063216387967,0.019346727856645537,10,4
0.5,0.06934326380340863,3,0.7646475565361533,0.024287167090218182,10,4
0.9,0.016676135303117984,3,0.763134540202885,0.024919810095946692,10,4
0.5,0.03001704354561236,3,0.7582619194472674,0.03369901805317364,10,4
0.5,0.10539559518292979,3,0.7557353733921323,0.03439419123448302,10,4
0.5,0.01974921025465138,3,0.7498719776659399,0.028278640239780165,10,4
1.0,0.00987460512732569,3,0.741031872102785,0.025017201987190416,10,4
0.5,0.012993661587283092,3,0.7399653347712652,0.020382389281881314,10,4
0.9,0.010971783474806325,3,0.7329070181449843,0.037884661635363595,10,4
1.0,0.08009596660647791,3,0.730080618406023,0.04931571129131141,10,4
0.9,0.08899551845164214,3,0.7241322338257142,0.04756600401485861,10,4
0.5,0.16019193321295583,3,0.7096074518599876,0.042866141242375054,10,4
1.0,0.006496830793641546,3,0.6752470250479261,0.05890377771453776,10,4
0.5,0.24347749469002775,3,0.6732982445603272,0.04003786509632943,10,4
0.9,0.13526527482779319,3,0.6692624620243216,0.04154488765212832,10,4
1.0,0.12173874734501387,3,0.6672272799652631,0.040812288302660725,10,4
1.0,0.002812322958926364,3,0.6045235354677574,0.06236667752052922,10,4
1.0,0.0018503207131449358,3,0.5520670321055129,0.07223129495172761,10,4
1.0,0.03578536641491391,3,0.7812259026195044,0.017107180637623877,10,5
0.9,0.039761518238793224,3,0.7776105767051044,0.019190487805463848,10,5
1.0,0.05439057502155934,3,0.7754224754916529,0.026804542394254192,10,5
0.9,0.06043397224617704,3,0.7707368294842816,0.02888563138612247,10,5
1.0,0.02354438152091694,3,0.7631086705871951,0.013020098565856583,10,5
0.9,0.02616042391212993,3,0.761673889570006,0.014071368751145555,10,5
0.5,0.07157073282982782,3,0.7600517985673685,0.023108248052430613,10,5
1.0,0.08266883778345105,3,0.7541621695980273,0.0604145763939283,10,5
0.5,0.04708876304183388,3,0.753889578024725,0.021444687474490947,10,5
0.9,0.09185426420383448,3,0.7476147425484143,0.06646479997984335,10,5
0.5,0.10878115004311868,3,0.7413148244273634,0.03994436731675726,10,5
1.0,0.015490630856624938,3,0.7390031110058791,0.020466483000688183,10,5
0.9,0.017211812062916595,3,0.7362102025249283,0.022889277558391537,10,5
0.5,0.030981261713249875,3,0.7283160656328747,0.028868018207913553,10,5
0.5,0.1653376755669021,3,0.7212383927430772,0.07651964801988621,10,5
1.0,0.01019180071147927,3,0.7198387280242615,0.029064247467857636,10,5
0.9,0.011324223012754743,3,0.7188634852943231,0.03359420391391139,10,5
0.5,0.02038360142295854,3,0.7047823618523434,0.04938664235072606,10,5
0.5,0.013411048614341704,3,0.6862674894155414,0.05135137013992989,10,5
1.0,0.12564928276190548,3,0.6747762391242045,0.08401925098293199,10,5
0.5,0.25129856552381097,3,0.6742493069273667,0.07080595024059887,10,5
0.9,0.13961031417989497,3,0.6738362240890664,0.08217386639934958,10,5
1.0,0.006705524307170852,3,0.6190681253929767,0.13348071980302845,10,5
1.0,0.0029026613990242485,3,0.6041474086489987,0.06083486577066369,10,5
1.0,0.0019097573743490715,3,0.5798406103330581,0.07708018535359563,10,5
