Top K,Repeat,Fold,Train N,Test N,Test Events,Clinical predictors,RNA predictors,Total predictors,Genes after prevalence filter,Nonzero clinical,Nonzero RNA genes,Best l1_ratio,Best alpha,Inner CV C-index,Outer C-index
100,1,1,423,106,32,9,100,109,16190,4,24,1.0,0.0224768281947396,0.804523187669974,0.8389529724933452
100,1,2,423,106,32,8,100,108,16185,5,38,1.0,0.013475284674027425,0.8278288319750571,0.7159565580618212
100,1,3,423,106,32,9,100,109,16190,2,13,0.9,0.0382766530973123,0.7837410465121929,0.825591985428051
100,1,4,423,106,32,9,100,109,16191,4,21,1.0,0.023381405753638704,0.7859962279327921,0.7795016455101081
100,1,5,424,105,31,9,100,109,16178,4,25,1.0,0.02212589393733253,0.7717356641791421,0.8010726474890297
100,2,1,423,106,32,9,100,109,16196,1,9,1.0,0.05199918666630537,0.8119620023060904,0.7840805123513266
100,2,2,423,106,32,9,100,109,16207,1,12,1.0,0.04974982935506669,0.7874442970277236,0.8274398868458275
100,2,3,423,106,32,8,100,108,16175,5,23,1.0,0.020481513464409705,0.7882701208143253,0.867640739149119
100,2,4,423,106,32,9,100,109,16179,3,19,0.9,0.03970915254102775,0.8208101274545588,0.7355663287791979
100,2,5,424,105,31,9,100,109,16186,2,19,1.0,0.034131589381747554,0.7916041475535215,0.7900237529691211
100,3,1,423,106,32,9,100,109,16201,2,17,0.9,0.03444573509618343,0.7520635299854009,0.8368026644462948
100,3,2,423,106,32,9,100,109,16183,2,15,1.0,0.035054352464333076,0.8164935961350706,0.8016917293233082
100,3,3,423,106,32,8,100,108,16187,4,25,1.0,0.022753425840560008,0.8066655253208467,0.7667127708621485
100,3,4,423,106,32,9,100,109,16170,2,17,1.0,0.034335973804271475,0.7914402067709365,0.8371665133394665
100,3,5,424,105,31,9,100,109,16187,4,23,1.0,0.02321021249447249,0.8317279812811861,0.7001381851681253
100,4,1,423,106,32,9,100,109,16182,3,40,1.0,0.014798818621742696,0.8177580411304036,0.737905119774542
100,4,2,423,106,32,9,100,109,16193,3,19,0.9,0.03483345592848065,0.7803829336621559,0.838680926916221
100,4,3,423,106,32,9,100,109,16189,1,11,0.9,0.055683269277566436,0.8141153076252047,0.7836434443963652
100,4,4,423,106,32,8,100,108,16177,4,24,0.9,0.025190398771510022,0.8155792913630538,0.8218703612073232
100,4,5,424,105,31,9,100,109,16180,1,11,1.0,0.05442928488069562,0.771698693661842,0.823915900131406
100,5,1,423,106,32,9,100,109,16194,1,13,0.9,0.05769172486859812,0.7987038127133373,0.7908643081056874
100,5,2,423,106,32,9,100,109,16188,4,25,1.0,0.021246585503011083,0.7972171495516219,0.8604966139954854
100,5,3,423,106,32,9,100,109,16181,5,37,1.0,0.014675344368477592,0.8043448310411653,0.8249688925756947
100,5,4,423,106,32,9,100,109,16177,2,15,1.0,0.03557984813055488,0.7868599321964481,0.7667572463768116
100,5,5,424,105,31,8,100,108,16196,2,13,1.0,0.05055731142820857,0.8070981712981918,0.7806615776081425
100,6,1,423,106,32,9,100,109,16195,1,14,1.0,0.050531625792559036,0.7829861983652643,0.7852193995381063
100,6,2,423,106,32,9,100,109,16178,2,12,1.0,0.054130519022657336,0.7965194974558321,0.7605042016806722
100,6,3,423,106,32,9,100,109,16202,4,21,1.0,0.022077001304169994,0.7834302865568464,0.7887193712436431
100,6,4,423,106,32,9,100,109,16180,3,17,1.0,0.03084528567779982,0.7850695184720667,0.8196517412935324
100,6,5,424,105,31,8,100,108,16178,4,22,1.0,0.022674155394539375,0.7849824039167053,0.8656015037593985
100,7,1,423,106,32,9,100,109,16196,1,16,1.0,0.04940280961818709,0.768595105616745,0.8031890660592255
100,7,2,423,106,32,9,100,109,16194,1,13,1.0,0.03631661125711782,0.8137094114647492,0.748062015503876
100,7,3,423,106,32,9,100,109,16183,3,15,1.0,0.03620425599953798,0.7896526589327487,0.8096126924871675
100,7,4,423,106,32,9,100,109,16165,4,32,0.5,0.04407675938289836,0.7765213258543179,0.8302133217239878
100,7,5,424,105,31,8,100,108,16195,1,14,0.9,0.05377739623639207,0.779582851493033,0.776558384547849
100,8,1,423,106,32,9,100,109,16187,1,12,1.0,0.05083990839108437,0.7887262352998284,0.8185880250223414
100,8,2,423,106,32,9,100,109,16190,2,18,1.0,0.03266269490360287,0.7767499720511242,0.8448815377738041
100,8,3,423,106,32,9,100,109,16194,3,16,0.9,0.03930421505794746,0.783745104089257,0.7668738898756661
100,8,4,423,106,32,9,100,109,16178,3,11,0.9,0.054004547819329465,0.7876945319106915,0.8178209086898985
100,8,5,424,105,31,8,100,108,16186,4,23,1.0,0.02388795469346585,0.8188483493091674,0.7883283877349159
100,9,1,423,106,32,9,100,109,16170,2,15,1.0,0.033337296605052524,0.7933643755279537,0.7870967741935484
100,9,2,423,106,32,9,100,109,16171,4,27,1.0,0.022539746745301258,0.7979571857414861,0.7821510297482838
100,9,3,423,106,32,8,100,108,16194,4,21,1.0,0.021285770418505986,0.8084874160015723,0.8080264791063302
100,9,4,423,106,32,9,100,109,16209,5,22,1.0,0.02358416873395228,0.793727332536413,0.7986425339366516
100,9,5,424,105,31,9,100,109,16194,3,26,1.0,0.021716842714392264,0.7837130033107066,0.8345827086456772
100,10,1,423,106,32,9,100,109,16187,4,25,1.0,0.02165398785357482,0.8125951547927146,0.7983271375464684
100,10,2,423,106,32,9,100,109,16211,4,21,1.0,0.02098697278437072,0.792236407731585,0.8185961713764813
100,10,3,423,106,32,9,100,109,16172,1,9,1.0,0.05451271850864568,0.8200170825734755,0.7062579821200511
100,10,4,423,106,32,8,100,108,16186,4,22,1.0,0.022811618581228526,0.7740584663407116,0.8268281740690893
100,10,5,424,105,31,9,100,109,16192,2,20,1.0,0.03578536641491391,0.7940693627106873,0.7959282598158022
500,1,1,423,106,32,9,500,509,16190,1,27,1.0,0.03890440744966822,0.778862888607189,0.8207630878438332
500,1,2,423,106,32,8,500,508,16185,1,39,1.0,0.03691264231416384,0.8372993011159483,0.7238930659983291
500,1,3,423,106,32,9,500,509,16190,1,20,1.0,0.05804792465152093,0.7902310198083017,0.8087431693989071
500,1,4,423,106,32,9,500,509,16191,1,18,1.0,0.059062393804895905,0.7940986428583265,0.8030089327691584
500,1,5,424,105,31,9,500,509,16178,1,32,1.0,0.038194954336464394,0.7908552698596892,0.749390541199415
500,2,1,423,106,32,9,500,509,16196,1,26,1.0,0.03972049414962497,0.8080578305974117,0.7758462946020128
500,2,2,423,106,32,9,500,509,16207,1,16,1.0,0.058591552331641136,0.7818741407650508,0.8132956152758133
500,2,3,423,106,32,8,500,508,16175,4,56,1.0,0.02363065289041375,0.7855147815983656,0.8650623119896863
500,2,4,423,106,32,9,500,509,16179,2,63,1.0,0.025090530353413996,0.8059381995183049,0.7280740414279419
500,2,5,424,105,31,9,500,509,16186,1,33,1.0,0.03885808266732103,0.8012434657457316,0.8019002375296912
500,3,1,423,106,32,9,500,509,16201,2,52,1.0,0.026911805660964756,0.7690185226345317,0.8084929225645295
500,3,2,423,106,32,9,500,509,16183,1,35,1.0,0.03529866831963634,0.7940479707950784,0.8237781954887218
500,3,3,423,106,32,8,500,508,16187,1,38,1.0,0.03792179885444548,0.8064548366484158,0.8008298755186722
500,3,4,423,106,32,9,500,509,16170,1,33,1.0,0.040714368124619996,0.7929507845932161,0.7819687212511499
500,3,5,424,105,31,9,500,509,16187,2,32,1.0,0.037736351815904554,0.8102975168033786,0.7328420082911101
500,4,1,423,106,32,9,500,509,16182,2,54,1.0,0.028452810639244687,0.8182878708148812,0.7228745890089244
500,4,2,423,106,32,9,500,509,16193,2,42,1.0,0.034654952387226205,0.8172160575633932,0.8253119429590018
500,4,3,423,106,32,9,500,509,16189,1,33,1.0,0.03506952332132157,0.8075580344299816,0.7948939852877542
500,4,4,423,106,32,8,500,508,16177,2,41,1.0,0.03694383096867384,0.7838751225332156,0.8619495299356754
500,4,5,424,105,31,9,500,509,16180,1,28,1.0,0.04195196689070018,0.7565975228356846,0.8313622426631625
500,5,1,423,106,32,9,500,509,16194,1,40,1.0,0.03739552918897451,0.7935296658111195,0.7881773399014779
500,5,2,423,106,32,9,500,509,16188,1,18,1.0,0.05575125234725513,0.7919597509846698,0.8437923250564334
500,5,3,423,106,32,9,500,509,16181,1,34,1.0,0.039209570697204085,0.7949607643877915,0.8320199087515554
500,5,4,423,106,32,9,500,509,16177,1,15,1.0,0.062459834297410304,0.7944279015924455,0.7690217391304348
500,5,5,424,105,31,8,500,508,16196,2,35,0.9,0.042275645977513446,0.8133519812130318,0.7862595419847328
500,6,1,423,106,32,9,500,509,16195,1,20,1.0,0.05683199518477464,0.8046310975467273,0.7732101616628175
500,6,2,423,106,32,9,500,509,16178,1,18,1.0,0.05757484722028856,0.8001382956975661,0.7703081232492998
500,6,3,423,106,32,9,500,509,16202,4,59,1.0,0.02648327944124048,0.8094714180458702,0.8118354137771614
500,6,4,423,106,32,9,500,509,16180,1,18,1.0,0.05556756132077632,0.8107522869673635,0.8196517412935324
500,6,5,424,105,31,8,500,508,16178,1,34,1.0,0.039761400038586824,0.7815703358979365,0.8571428571428571
500,7,1,423,106,32,9,500,509,16196,1,40,1.0,0.03650343238052144,0.7882629651005514,0.7753986332574032
500,7,2,423,106,32,9,500,509,16194,1,17,1.0,0.05519801994498665,0.7991868850394371,0.7906976744186046
500,7,3,423,106,32,9,500,509,16183,1,29,1.0,0.043151925454746325,0.79429246627068,0.7718152123191787
500,7,4,423,106,32,9,500,509,16165,2,27,1.0,0.04024663777469516,0.7908005932713112,0.8276012189812799
500,7,5,424,105,31,8,500,508,16195,1,41,1.0,0.03576888763327182,0.7849463576889665,0.8015803336259877
500,8,1,423,106,32,9,500,509,16187,1,30,1.0,0.037835705837833265,0.7704936960698445,0.8136729222520107
500,8,2,423,106,32,9,500,509,16190,1,26,1.0,0.05413520680970025,0.7893398222027487,0.8372820742065266
500,8,3,423,106,32,9,500,509,16194,1,15,1.0,0.060552517074445755,0.7824838484123541,0.7535523978685613
500,8,4,423,106,32,9,500,509,16178,2,32,1.0,0.04035824851356089,0.7964227965863628,0.8085575650639611
500,8,5,424,105,31,8,500,508,16186,1,20,1.0,0.057369401276765104,0.7914205747005388,0.7863501483679525
500,9,1,423,106,32,9,500,509,16170,1,18,1.0,0.05546157772467998,0.7943934718620517,0.8244239631336405
500,9,2,423,106,32,9,500,509,16171,2,35,1.0,0.04169013046118243,0.8047197846517266,0.7830663615560641
500,9,3,423,106,32,8,500,508,16194,1,21,1.0,0.05656957425542057,0.7937605367519783,0.8055440628878775
500,9,4,423,106,32,9,500,509,16209,1,32,1.0,0.03980089060415531,0.8150600909215688,0.7891402714932126
500,9,5,424,105,31,9,500,509,16194,1,38,1.0,0.03592498400899115,0.8011803029693342,0.8335832083958021
500,10,1,423,106,32,9,500,509,16187,2,44,1.0,0.03552897870968769,0.8022671782145764,0.7853159851301115
500,10,2,423,106,32,9,500,509,16211,1,20,1.0,0.058103288927837816,0.7917019439648619,0.8012762078395624
500,10,3,423,106,32,9,500,509,16172,1,39,1.0,0.03983642362715674,0.802352044332607,0.7556406981694338
500,10,4,423,106,32,8,500,508,16186,1,20,1.0,0.059651113536935044,0.7683906630355878,0.8335576491700314
500,10,5,424,105,31,9,500,509,16192,1,19,1.0,0.05825887794987024,0.79860739531371,0.7876878332525449
